Id2,ledgerstyle,County,median_age_latest,median_age_moe_latest,median_age_moe_per_latest,median_age_prev,median_age_moe_prev,median_age_moe_per_prev,nj_median_age_latest,nj_median_age_prev,usa_median_age_latest,usa_median_age_prev,median_age_change,nj_median_age_change,usa_median_age_change
34001,Atlantic County,Atlantic,40.6,0.2,0.49,39.2,0.2,0.49,37.6,38.3,37.6,36.5,1.4,-0.7,1.1
34003,Bergen County,Bergen,41.5,0.2,0.48,40.7,0.2,0.48,37.6,38.3,37.6,36.5,0.8,-0.7,1.1
34005,Burlington County,Burlington,41,0.2,0.49,39.1,0.2,0.49,37.6,38.3,37.6,36.5,1.9,-0.7,1.1
34007,Camden County,Camden,38.3,0.2,0.52,36.9,0.2,0.52,37.6,38.3,37.6,36.5,1.4,-0.7,1.1
34009,Cape May County,Cape May,48.3,0.3,0.62,46.3,0.3,0.62,37.6,38.3,37.6,36.5,2,-0.7,1.1
34011,Cumberland County,Cumberland,36.9,0.2,0.54,36,0.2,0.54,37.6,38.3,37.6,36.5,0.9,-0.7,1.1
34013,Essex County,Essex,36.9,0.1,0.27,35.8,0.1,0.27,37.6,38.3,37.6,36.5,1.1,-0.7,1.1
34015,Gloucester County,Gloucester,39.6,0.2,0.51,37.8,0.2,0.51,37.6,38.3,37.6,36.5,1.8,-0.7,1.1
34017,Hudson County,Hudson,34.7,0.2,0.58,34.4,0.2,0.58,37.6,38.3,37.6,36.5,0.3,-0.7,1.1
34019,Hunterdon County,Hunterdon,45,0.1,0.22,41.9,0.1,0.22,37.6,38.3,37.6,36.5,3.1,-0.7,1.1
34021,Mercer County,Mercer,38.4,0.2,0.52,36.9,0.2,0.52,37.6,38.3,37.6,36.5,1.5,-0.7,1.1
34023,Middlesex County,Middlesex,37.7,0.2,0.53,36.6,0.2,0.53,37.6,38.3,37.6,36.5,1.1,-0.7,1.1
34025,Monmouth County,Monmouth,42.3,0.1,0.24,40.3,0.1,0.24,37.6,38.3,37.6,36.5,2,-0.7,1.1
34027,Morris County,Morris,42,0.2,0.48,40.1,0.2,0.48,37.6,38.3,37.6,36.5,1.9,-0.7,1.1
34029,Ocean County,Ocean,42.8,0.2,0.47,42.5,0.2,0.47,37.6,38.3,37.6,36.5,0.3,-0.7,1.1
34031,Passaic County,Passaic,36.5,0.2,0.55,36,0.2,0.55,37.6,38.3,37.6,36.5,0.5,-0.7,1.1
34033,Salem County,Salem,41.8,0.4,0.96,39.7,0.4,0.96,37.6,38.3,37.6,36.5,2.1,-0.7,1.1
34035,Somerset County,Somerset,40.8,0.2,0.49,39,0.2,0.49,37.6,38.3,37.6,36.5,1.8,-0.7,1.1
34037,Sussex County,Sussex,43.4,0.2,0.46,40.3,0.2,0.46,37.6,38.3,37.6,36.5,3.1,-0.7,1.1
34039,Union County,Union,38.1,0.2,0.52,37.6,0.2,0.52,37.6,38.3,37.6,36.5,0.5,-0.7,1.1
34041,Warren County,Warren,42.6,0.2,0.47,40.3,0.2,0.47,37.6,38.3,37.6,36.5,2.3,-0.7,1.1
3400100100,Absecon,Atlantic,45.4,2,4.41,43.4,2,4.41,37.6,38.3,37.6,36.5,2,-0.7,1.1
3400102080,Atlantic City,Atlantic,35.9,1.6,4.46,37.1,1.6,4.46,37.6,38.3,37.6,36.5,-1.2,-0.7,1.1
3400107810,Brigantine,Atlantic,50.9,2.7,5.3,48.8,2.7,5.3,37.6,38.3,37.6,36.5,2.1,-0.7,1.1
3400108680,Buena,Atlantic,42.3,2.6,6.15,36.9,2.6,6.15,37.6,38.3,37.6,36.5,5.4,-0.7,1.1
3400108710,Buena Vista,Atlantic,43.1,2.4,5.57,42.6,2.4,5.57,37.6,38.3,37.6,36.5,0.5,-0.7,1.1
3400115160,Corbin City,Atlantic,42.4,1.8,4.25,45.1,1.8,4.25,37.6,38.3,37.6,36.5,-2.7,-0.7,1.1
3400120290,Egg Harbor Township,Atlantic,40.3,1,2.48,38.7,1,2.48,37.6,38.3,37.6,36.5,1.6,-0.7,1.1
3400120350,Egg Harbor City,Atlantic,34.2,2.8,8.19,41.6,2.8,8.19,37.6,38.3,37.6,36.5,-7.4,-0.7,1.1
3400121870,Estell Manor,Atlantic,45.2,3.3,7.3,40.2,3.3,7.3,37.6,38.3,37.6,36.5,5,-0.7,1.1
3400123940,Folsom,Atlantic,42.7,1.9,4.45,40.2,1.9,4.45,37.6,38.3,37.6,36.5,2.5,-0.7,1.1
3400125560,Galloway,Atlantic,36.2,2.1,5.8,29.3,2.1,5.8,37.6,38.3,37.6,36.5,6.9,-0.7,1.1
3400129280,Hamilton,Atlantic,38.5,1.8,4.68,36,1.8,4.68,37.6,38.3,37.6,36.5,2.5,-0.7,1.1
3400129430,Hammonton,Atlantic,42.1,2,4.75,40.6,2,4.75,37.6,38.3,37.6,36.5,1.5,-0.7,1.1
3400140530,Linwood,Atlantic,46.3,1.8,3.89,41.1,1.8,3.89,37.6,38.3,37.6,36.5,5.2,-0.7,1.1
3400141370,Longport,Atlantic,62.8,2.8,4.46,58.8,2.8,4.46,37.6,38.3,37.6,36.5,4,-0.7,1.1
3400143890,Margate City,Atlantic,59.1,1.9,3.21,53.6,1.9,3.21,37.6,38.3,37.6,36.5,5.5,-0.7,1.1
3400149410,Mullica,Atlantic,43.4,2.1,4.84,34.9,2.1,4.84,37.6,38.3,37.6,36.5,8.5,-0.7,1.1
3400152950,Northfield,Atlantic,41.6,2.2,5.29,40.8,2.2,5.29,37.6,38.3,37.6,36.5,0.8,-0.7,1.1
3400159640,Pleasantville,Atlantic,35.2,1.8,5.11,37.1,1.8,5.11,37.6,38.3,37.6,36.5,-1.9,-0.7,1.1
3400160600,Port Republic City,Atlantic,47.6,6.4,13.45,45.3,6.4,13.45,37.6,38.3,37.6,36.5,2.3,-0.7,1.1
3400168430,Somers Point,Atlantic,38.1,3.6,9.45,41.5,3.6,9.45,37.6,38.3,37.6,36.5,-3.4,-0.7,1.1
3400175620,Ventnor City,Atlantic,44.9,4,8.91,42.2,4,8.91,37.6,38.3,37.6,36.5,2.7,-0.7,1.1
3400180330,Weymouth Township,Atlantic,52.8,2.3,4.36,46.1,2.3,4.36,37.6,38.3,37.6,36.5,6.7,-0.7,1.1
3400300700,Allendale,Bergen,44.2,2.3,5.2,44.1,2.3,5.2,37.6,38.3,37.6,36.5,0.1,-0.7,1.1
3400301090,Alpine,Bergen,54.1,6.7,12.38,49.1,6.7,12.38,37.6,38.3,37.6,36.5,5,-0.7,1.1
3400305170,Bergenfield,Bergen,39.5,1.5,3.8,38.5,1.5,3.8,37.6,38.3,37.6,36.5,1,-0.7,1.1
3400306490,Bogota,Bergen,38.5,2,5.19,39,2,5.19,37.6,38.3,37.6,36.5,-0.5,-0.7,1.1
3400310480,Carlstadt,Bergen,39.7,3.8,9.57,41.5,3.8,9.57,37.6,38.3,37.6,36.5,-1.8,-0.7,1.1
3400313570,Cliffside Park,Bergen,44.1,2.3,5.22,40.8,2.3,5.22,37.6,38.3,37.6,36.5,3.3,-0.7,1.1
3400313810,Closter,Bergen,43.6,1.3,2.98,41.2,1.3,2.98,37.6,38.3,37.6,36.5,2.4,-0.7,1.1
3400315820,Cresskill,Bergen,43.4,2,4.61,43.3,2,4.61,37.6,38.3,37.6,36.5,0.1,-0.7,1.1
3400317530,Demarest,Bergen,45,4.5,10,42.1,4.5,10,37.6,38.3,37.6,36.5,2.9,-0.7,1.1
3400318400,Dumont,Bergen,40.9,1.1,2.69,39.2,1.1,2.69,37.6,38.3,37.6,36.5,1.7,-0.7,1.1
3400319510,East Rutherford,Bergen,35.5,2.8,7.89,39.2,2.8,7.89,37.6,38.3,37.6,36.5,-3.7,-0.7,1.1
3400320020,Edgewater,Bergen,37.9,1.1,2.9,36.6,1.1,2.9,37.6,38.3,37.6,36.5,1.3,-0.7,1.1
3400321300,Elmwood Park,Bergen,38.4,1.8,4.69,40.3,1.8,4.69,37.6,38.3,37.6,36.5,-1.9,-0.7,1.1
3400321450,Emerson,Bergen,43.2,1.7,3.94,44.6,1.7,3.94,37.6,38.3,37.6,36.5,-1.4,-0.7,1.1
3400321480,Englewood,Bergen,39.1,1.9,4.86,40.6,1.9,4.86,37.6,38.3,37.6,36.5,-1.5,-0.7,1.1
3400321510,Englewood Cliffs,Bergen,47.2,3.3,6.99,48.4,3.3,6.99,37.6,38.3,37.6,36.5,-1.2,-0.7,1.1
3400322470,Fair Lawn,Bergen,42.2,1.6,3.79,42.4,1.6,3.79,37.6,38.3,37.6,36.5,-0.2,-0.7,1.1
3400322560,Fairview,Bergen,38.1,2.8,7.35,33.5,2.8,7.35,37.6,38.3,37.6,36.5,4.6,-0.7,1.1
3400324420,Fort Lee,Bergen,45.8,1.5,3.28,43.6,1.5,3.28,37.6,38.3,37.6,36.5,2.2,-0.7,1.1
3400324990,Franklin Lakes,Bergen,46.7,1.6,3.43,43.3,1.6,3.43,37.6,38.3,37.6,36.5,3.4,-0.7,1.1
3400325770,Garfield,Bergen,35.4,0.9,2.54,35.4,0.9,2.54,37.6,38.3,37.6,36.5,0,-0.7,1.1
3400326640,Glen Rock,Bergen,41.7,1.3,3.12,40.8,1.3,3.12,37.6,38.3,37.6,36.5,0.9,-0.7,1.1
3400328680,Hackensack,Bergen,39.2,1.3,3.32,37.5,1.3,3.32,37.6,38.3,37.6,36.5,1.7,-0.7,1.1
3400330150,Harrington Park,Bergen,43.8,1.5,3.42,44.1,1.5,3.42,37.6,38.3,37.6,36.5,-0.3,-0.7,1.1
3400330420,Hasbrouck Heights,Bergen,41.2,2,4.85,42,2,4.85,37.6,38.3,37.6,36.5,-0.8,-0.7,1.1
3400330540,Haworth,Bergen,44.6,1.3,2.91,44.7,1.3,2.91,37.6,38.3,37.6,36.5,-0.1,-0.7,1.1
3400331920,Hillsdale,Bergen,43.7,0.9,2.06,41.7,0.9,2.06,37.6,38.3,37.6,36.5,2,-0.7,1.1
3400332310,Ho-Ho-Kus,Bergen,42.1,2.6,6.18,43.3,2.6,6.18,37.6,38.3,37.6,36.5,-1.2,-0.7,1.1
3400340020,Leonia,Bergen,42.6,1.7,3.99,42,1.7,3.99,37.6,38.3,37.6,36.5,0.6,-0.7,1.1
3400340680,Little Ferry,Bergen,41,1.9,4.63,39.3,1.9,4.63,37.6,38.3,37.6,36.5,1.7,-0.7,1.1
3400341100,Lodi,Bergen,36.5,1.1,3.01,38.5,1.1,3.01,37.6,38.3,37.6,36.5,-2,-0.7,1.1
3400342090,Lyndhurst,Bergen,41.2,2.1,5.1,40.4,2.1,5.1,37.6,38.3,37.6,36.5,0.8,-0.7,1.1
3400342750,Mahwah,Bergen,40.2,1.9,4.73,41,1.9,4.73,37.6,38.3,37.6,36.5,-0.8,-0.7,1.1
3400344880,Maywood,Bergen,42.1,1.8,4.28,42.8,1.8,4.28,37.6,38.3,37.6,36.5,-0.7,-0.7,1.1
3400346110,Midland Park,Bergen,42.3,2.6,6.15,40.7,2.6,6.15,37.6,38.3,37.6,36.5,1.6,-0.7,1.1
3400347610,Montvale,Bergen,42.8,2.1,4.91,42.2,2.1,4.91,37.6,38.3,37.6,36.5,0.6,-0.7,1.1
3400347700,Moonachie,Bergen,44.2,1.1,2.49,46.3,1.1,2.49,37.6,38.3,37.6,36.5,-2.1,-0.7,1.1
3400351660,New Milford,Bergen,41.8,1.5,3.59,41.3,1.5,3.59,37.6,38.3,37.6,36.5,0.5,-0.7,1.1
3400352320,North Arlington,Bergen,41.1,2.9,7.06,43.3,2.9,7.06,37.6,38.3,37.6,36.5,-2.2,-0.7,1.1
3400353430,Northvale,Bergen,43.2,2.7,6.25,40,2.7,6.25,37.6,38.3,37.6,36.5,3.2,-0.7,1.1
3400353610,Norwood,Bergen,47.7,2.1,4.4,43.1,2.1,4.4,37.6,38.3,37.6,36.5,4.6,-0.7,1.1
3400353850,Oakland,Bergen,42.6,1.3,3.05,39.9,1.3,3.05,37.6,38.3,37.6,36.5,2.7,-0.7,1.1
3400354870,Old Tappan,Bergen,44.9,2.2,4.9,43.5,2.2,4.9,37.6,38.3,37.6,36.5,1.4,-0.7,1.1
3400354990,Oradell,Bergen,44.2,1.4,3.17,44.5,1.4,3.17,37.6,38.3,37.6,36.5,-0.3,-0.7,1.1
3400355770,Palisades Park,Bergen,38.7,1.6,4.13,38.8,1.6,4.13,37.6,38.3,37.6,36.5,-0.1,-0.7,1.1
3400355950,Paramus,Bergen,46.8,0.9,1.92,44.6,0.9,1.92,37.6,38.3,37.6,36.5,2.2,-0.7,1.1
3400356130,Park Ridge,Bergen,43.7,1.9,4.35,43.4,1.9,4.35,37.6,38.3,37.6,36.5,0.3,-0.7,1.1
3400361680,Ramsey,Bergen,43.8,1,2.28,41.1,1,2.28,37.6,38.3,37.6,36.5,2.7,-0.7,1.1
3400362910,Ridgefield,Bergen,42.6,2,4.69,38.9,2,4.69,37.6,38.3,37.6,36.5,3.7,-0.7,1.1
3400362940,Ridgefield Park,Bergen,37.2,2.4,6.45,39.7,2.4,6.45,37.6,38.3,37.6,36.5,-2.5,-0.7,1.1
3400363000,Ridgewood,Bergen,41.8,0.8,1.91,40,0.8,1.91,37.6,38.3,37.6,36.5,1.8,-0.7,1.1
3400363360,River Edge,Bergen,42.4,1.6,3.77,41.5,1.6,3.77,37.6,38.3,37.6,36.5,0.9,-0.7,1.1
3400363690,River Vale,Bergen,46,1.5,3.26,43.1,1.5,3.26,37.6,38.3,37.6,36.5,2.9,-0.7,1.1
3400363990,Rochelle Park,Bergen,44.3,3.4,7.67,42.4,3.4,7.67,37.6,38.3,37.6,36.5,1.9,-0.7,1.1
3400364170,Rockleigh Borough,Bergen,69.3,8.8,12.7,57.3,8.8,12.7,37.6,38.3,37.6,36.5,12,-0.7,1.1
3400365280,Rutherford,Bergen,40.1,1.9,4.74,39.4,1.9,4.74,37.6,38.3,37.6,36.5,0.7,-0.7,1.1
3400365340,Saddle Brook,Bergen,40.6,2,4.93,40.3,2,4.93,37.6,38.3,37.6,36.5,0.3,-0.7,1.1
3400365400,Saddle River,Bergen,52.2,3.4,6.51,48.5,3.4,6.51,37.6,38.3,37.6,36.5,3.7,-0.7,1.1
3400368970,South Hackensack Township,Bergen,38.4,4.3,11.2,38.1,4.3,11.2,37.6,38.3,37.6,36.5,0.3,-0.7,1.1
3400372360,Teaneck,Bergen,39.6,1.5,3.79,37.8,1.5,3.79,37.6,38.3,37.6,36.5,1.8,-0.7,1.1
3400372420,Tenafly,Bergen,43.2,1.7,3.94,40.4,1.7,3.94,37.6,38.3,37.6,36.5,2.8,-0.7,1.1
3400372480,Teterboro,Bergen,52.5,20.9,39.81,43.6,20.9,39.81,37.6,38.3,37.6,36.5,8.9,-0.7,1.1
3400375140,Upper Saddle River,Bergen,41.5,1.9,4.58,40.5,1.9,4.58,37.6,38.3,37.6,36.5,1,-0.7,1.1
3400376400,Waldwick,Bergen,41.1,3,7.3,42.2,3,7.3,37.6,38.3,37.6,36.5,-1.1,-0.7,1.1
3400376490,Wallington,Bergen,39.7,1.8,4.53,36.8,1.8,4.53,37.6,38.3,37.6,36.5,2.9,-0.7,1.1
3400377135,Washington Township,Bergen,47,1.2,2.55,44.4,1.2,2.55,37.6,38.3,37.6,36.5,2.6,-0.7,1.1
3400380270,Westwood,Bergen,42.7,2,4.68,39.8,2,4.68,37.6,38.3,37.6,36.5,2.9,-0.7,1.1
3400382300,Woodcliff Lake,Bergen,46.8,2,4.27,41.7,2,4.27,37.6,38.3,37.6,36.5,5.1,-0.7,1.1
3400382570,Wood-Ridge,Bergen,40.9,3.2,7.82,43.3,3.2,7.82,37.6,38.3,37.6,36.5,-2.4,-0.7,1.1
3400383050,Wyckoff,Bergen,44.6,1.6,3.59,42.3,1.6,3.59,37.6,38.3,37.6,36.5,2.3,-0.7,1.1
3400503370,Bass River,Burlington,44.1,5.4,12.24,40.3,5.4,12.24,37.6,38.3,37.6,36.5,3.8,-0.7,1.1
3400505740,Beverly,Burlington,40.9,4.2,10.27,39.7,4.2,10.27,37.6,38.3,37.6,36.5,1.2,-0.7,1.1
3400506670,Bordentown city,Burlington,39.9,3.2,8.02,40.6,3.2,8.02,37.6,38.3,37.6,36.5,-0.7,-0.7,1.1
3400506700,Bordentown Township,Burlington,38.6,1.6,4.15,37.1,1.6,4.15,37.6,38.3,37.6,36.5,1.5,-0.7,1.1
3400508920,Burlington City,Burlington,41.6,2.7,6.49,40.4,2.7,6.49,37.6,38.3,37.6,36.5,1.2,-0.7,1.1
3400508950,Burlington Township,Burlington,39.1,2,5.12,37.8,2,5.12,37.6,38.3,37.6,36.5,1.3,-0.7,1.1
3400512670,Chesterfield,Burlington,29.6,3,10.14,24.7,3,10.14,37.6,38.3,37.6,36.5,4.9,-0.7,1.1
3400512940,Cinnaminson,Burlington,44.4,1.4,3.15,43.4,1.4,3.15,37.6,38.3,37.6,36.5,1,-0.7,1.1
3400517080,Delanco,Burlington,41.8,2.9,6.94,42.3,2.9,6.94,37.6,38.3,37.6,36.5,-0.5,-0.7,1.1
3400517440,Delran,Burlington,39.4,1.7,4.31,39.1,1.7,4.31,37.6,38.3,37.6,36.5,0.3,-0.7,1.1
3400518790,Eastampton,Burlington,37.5,6.7,17.87,39.8,6.7,17.87,37.6,38.3,37.6,36.5,-2.3,-0.7,1.1
3400520050,Edgewater Park,Burlington,42.5,2.4,5.65,36.8,2.4,5.65,37.6,38.3,37.6,36.5,5.7,-0.7,1.1
3400522110,Evesham,Burlington,41.4,0.8,1.93,38.9,0.8,1.93,37.6,38.3,37.6,36.5,2.5,-0.7,1.1
3400523250,Fieldsboro,Burlington,39.2,4.9,12.5,27.6,4.9,12.5,37.6,38.3,37.6,36.5,11.6,-0.7,1.1
3400523850,Florence,Burlington,42.7,2,4.68,40.1,2,4.68,37.6,38.3,37.6,36.5,2.6,-0.7,1.1
3400529010,Hainesport,Burlington,45.6,3.2,7.02,40.9,3.2,7.02,37.6,38.3,37.6,36.5,4.7,-0.7,1.1
3400542060,Lumberton,Burlington,39.6,2.7,6.82,37.7,2.7,6.82,37.6,38.3,37.6,36.5,1.9,-0.7,1.1
3400543290,Mansfield,Burlington,49.9,3.5,7.01,48.9,3.5,7.01,37.6,38.3,37.6,36.5,1,-0.7,1.1
3400543740,Maple Shade,Burlington,38.1,2.9,7.61,37.4,2.9,7.61,37.6,38.3,37.6,36.5,0.7,-0.7,1.1
3400545120,Medford,Burlington,44.4,1.1,2.48,41.7,1.1,2.48,37.6,38.3,37.6,36.5,2.7,-0.7,1.1
3400545210,Medford Lakes,Burlington,44.9,1.6,3.56,38.9,1.6,3.56,37.6,38.3,37.6,36.5,6,-0.7,1.1
3400547880,Moorestown,Burlington,44.3,0.7,1.58,42.1,0.7,1.58,37.6,38.3,37.6,36.5,2.2,-0.7,1.1
3400548900,Mount Holly,Burlington,35.4,1.6,4.52,36.4,1.6,4.52,37.6,38.3,37.6,36.5,-1,-0.7,1.1
3400549020,Mount Laurel,Burlington,42.9,0.8,1.86,41,0.8,1.86,37.6,38.3,37.6,36.5,1.9,-0.7,1.1
3400551510,New Hanover,Burlington,36.1,1.1,3.05,33.6,1.1,3.05,37.6,38.3,37.6,36.5,2.5,-0.7,1.1
3400553070,North Hanover,Burlington,27.4,1.2,4.38,34.2,1.2,4.38,37.6,38.3,37.6,36.5,-6.8,-0.7,1.1
3400555800,Palmyra,Burlington,43.9,3,6.83,40.9,3,6.83,37.6,38.3,37.6,36.5,3,-0.7,1.1
3400557480,Pemberton Borough,Burlington,45,2.2,4.89,37,2.2,4.89,37.6,38.3,37.6,36.5,8,-0.7,1.1
3400557510,Pemberton Township,Burlington,36.9,1.1,2.98,36.3,1.1,2.98,37.6,38.3,37.6,36.5,0.6,-0.7,1.1
3400563510,Riverside,Burlington,36.1,3,8.31,35.8,3,8.31,37.6,38.3,37.6,36.5,0.3,-0.7,1.1
3400563660,Riverton,Burlington,45.1,2.1,4.66,43.2,2.1,4.66,37.6,38.3,37.6,36.5,1.9,-0.7,1.1
3400566810,Shamong,Burlington,43.4,1.9,4.38,39.1,1.9,4.38,37.6,38.3,37.6,36.5,4.3,-0.7,1.1
3400568610,Southampton,Burlington,54.8,1.5,2.74,54.4,1.5,2.74,37.6,38.3,37.6,36.5,0.4,-0.7,1.1
3400569990,Springfield,Burlington,43.8,2.6,5.94,42.4,2.6,5.94,37.6,38.3,37.6,36.5,1.4,-0.7,1.1
3400572060,Tabernacle,Burlington,44.2,2.2,4.98,42.3,2.2,4.98,37.6,38.3,37.6,36.5,1.9,-0.7,1.1
3400577150,Washington,Burlington,43.4,2.8,6.45,38.2,2.8,6.45,37.6,38.3,37.6,36.5,5.2,-0.7,1.1
3400578200,Westampton,Burlington,41.1,2.7,6.57,35.1,2.7,6.57,37.6,38.3,37.6,36.5,6,-0.7,1.1
3400581440,Willingboro,Burlington,39.9,1.4,3.51,38.6,1.4,3.51,37.6,38.3,37.6,36.5,1.3,-0.7,1.1
3400582420,Woodland,Burlington,45.4,6.8,14.98,38.6,6.8,14.98,37.6,38.3,37.6,36.5,6.8,-0.7,1.1
3400582960,Wrightstown,Burlington,31.9,4.7,14.73,32,4.7,14.73,37.6,38.3,37.6,36.5,-0.1,-0.7,1.1
3400702200,Audubon,Camden,43.5,1.2,2.76,39.6,1.2,2.76,37.6,38.3,37.6,36.5,3.9,-0.7,1.1
3400702230,Audubon Park,Camden,52.5,3.1,5.9,45.4,3.1,5.9,37.6,38.3,37.6,36.5,7.1,-0.7,1.1
3400703250,Barrington,Camden,40.3,1.2,2.98,37.9,1.2,2.98,37.6,38.3,37.6,36.5,2.4,-0.7,1.1
3400704750,Bellmawr,Camden,41.5,1.5,3.61,42.2,1.5,3.61,37.6,38.3,37.6,36.5,-0.7,-0.7,1.1
3400705440,Berlin borough,Camden,40.4,2.2,5.45,37.7,2.2,5.45,37.6,38.3,37.6,36.5,2.7,-0.7,1.1
3400705470,Berlin township,Camden,41.5,5.9,14.22,39.6,5.9,14.22,37.6,38.3,37.6,36.5,1.9,-0.7,1.1
3400708170,Brooklawn,Camden,39.5,2.1,5.32,40.7,2.1,5.32,37.6,38.3,37.6,36.5,-1.2,-0.7,1.1
3400710000,Camden,Camden,28.9,0.8,2.77,27.8,0.8,2.77,37.6,38.3,37.6,36.5,1.1,-0.7,1.1
3400712280,Cherry Hill,Camden,42,0.7,1.67,43,0.7,1.67,37.6,38.3,37.6,36.5,-1,-0.7,1.1
3400712550,Chesilhurst,Camden,49.5,3.8,7.68,43.6,3.8,7.68,37.6,38.3,37.6,36.5,5.9,-0.7,1.1
3400713420,Clementon,Camden,40.2,6.2,15.42,38.7,6.2,15.42,37.6,38.3,37.6,36.5,1.5,-0.7,1.1
3400714260,Collingswood,Camden,39.9,3.1,7.77,40.5,3.1,7.77,37.6,38.3,37.6,36.5,-0.6,-0.7,1.1
3400726070,Gibbsboro,Camden,44,2.5,5.68,39.4,2.5,5.68,37.6,38.3,37.6,36.5,4.6,-0.7,1.1
3400726760,Gloucester Township,Camden,39.6,0.9,2.27,36.5,0.9,2.27,37.6,38.3,37.6,36.5,3.1,-0.7,1.1
3400726820,Gloucester City,Camden,35.9,2,5.57,36.6,2,5.57,37.6,38.3,37.6,36.5,-0.7,-0.7,1.1
3400728740,Haddon,Camden,41.5,1.7,4.1,40.1,1.7,4.1,37.6,38.3,37.6,36.5,1.4,-0.7,1.1
3400728770,Haddonfield,Camden,43.3,0.8,1.85,41.3,0.8,1.85,37.6,38.3,37.6,36.5,2,-0.7,1.1
3400728800,Haddon Heights,Camden,42.9,2,4.66,43.2,2,4.66,37.6,38.3,37.6,36.5,-0.3,-0.7,1.1
3400732220,Hi-Nella,Camden,33.7,6.9,20.47,32.5,6.9,20.47,37.6,38.3,37.6,36.5,1.2,-0.7,1.1
3400739210,Laurel Springs,Camden,41.2,2.4,5.83,34.6,2.4,5.83,37.6,38.3,37.6,36.5,6.6,-0.7,1.1
3400739420,Lawnside,Camden,47.6,4.6,9.66,34.9,4.6,9.66,37.6,38.3,37.6,36.5,12.7,-0.7,1.1
3400740440,Lindenwold,Camden,35,1.9,5.43,32.2,1.9,5.43,37.6,38.3,37.6,36.5,2.8,-0.7,1.1
3400742630,Magnolia,Camden,38.1,2,5.25,39.1,2,5.25,37.6,38.3,37.6,36.5,-1,-0.7,1.1
3400745510,Merchantville,Camden,41.9,3.2,7.64,38.6,3.2,7.64,37.6,38.3,37.6,36.5,3.3,-0.7,1.1
3400748750,Mount Ephraim,Camden,35.3,3.2,9.07,38.8,3.2,9.07,37.6,38.3,37.6,36.5,-3.5,-0.7,1.1
3400753880,Oaklyn,Camden,42.5,2.3,5.41,38.7,2.3,5.41,37.6,38.3,37.6,36.5,3.8,-0.7,1.1
3400757660,Pennsauken,Camden,39.9,1,2.51,36.6,1,2.51,37.6,38.3,37.6,36.5,3.3,-0.7,1.1
3400758770,Pine Hill,Camden,36.6,2.1,5.74,34.4,2.1,5.74,37.6,38.3,37.6,36.5,2.2,-0.7,1.1
3400758920,Pine Valley,Camden,-,**,#VALUE!,69.3,**,#VALUE!,37.6,38.3,37.6,36.5,#VALUE!,-0.7,1.1
3400765160,Runnemede,Camden,35.1,1.6,4.56,40.2,1.6,4.56,37.6,38.3,37.6,36.5,-5.1,-0.7,1.1
3400768340,Somerdale,Camden,40.5,2.3,5.68,39.2,2.3,5.68,37.6,38.3,37.6,36.5,1.3,-0.7,1.1
3400771220,Stratford,Camden,42.4,1.4,3.3,41.1,1.4,3.3,37.6,38.3,37.6,36.5,1.3,-0.7,1.1
3400772240,Tavistock,Camden,57.5,25.5,44.35,42.6,25.5,44.35,37.6,38.3,37.6,36.5,14.9,-0.7,1.1
3400776220,Voorhees,Camden,43.4,1.2,2.76,40.6,1.2,2.76,37.6,38.3,37.6,36.5,2.8,-0.7,1.1
3400777630,Waterford Township,Camden,38.3,1.5,3.92,38.2,1.5,3.92,37.6,38.3,37.6,36.5,0.1,-0.7,1.1
3400781740,Winslow,Camden,38.2,1,2.62,35.9,1,2.62,37.6,38.3,37.6,36.5,2.3,-0.7,1.1
3400782450,Woodlynne,Camden,28.9,1.9,6.57,27.1,1.9,6.57,37.6,38.3,37.6,36.5,1.8,-0.7,1.1
3400902320,Avalon,Cape May,63.1,1.4,2.22,59.8,1.4,2.22,37.6,38.3,37.6,36.5,3.3,-0.7,1.1
3400910270,Cape May,Cape May,47.1,12.6,26.75,38.5,12.6,26.75,37.6,38.3,37.6,36.5,8.6,-0.7,1.1
3400910330,Cape May Point Borough,Cape May,68.9,4.5,6.53,72.6,4.5,6.53,37.6,38.3,37.6,36.5,-3.7,-0.7,1.1
3400917560,Dennis,Cape May,47.9,3.3,6.89,39.2,3.3,6.89,37.6,38.3,37.6,36.5,8.7,-0.7,1.1
3400941610,Lower,Cape May,45.4,2,4.41,44.1,2,4.41,37.6,38.3,37.6,36.5,1.3,-0.7,1.1
3400945810,Middle,Cape May,44.6,2.6,5.83,42.5,2.6,5.83,37.6,38.3,37.6,36.5,2.1,-0.7,1.1
3400953490,North Wildwood,Cape May,54.8,3,5.47,55.4,3,5.47,37.6,38.3,37.6,36.5,-0.6,-0.7,1.1
3400954360,Ocean City,Cape May,54.5,2.3,4.22,51,2.3,4.22,37.6,38.3,37.6,36.5,3.5,-0.7,1.1
3400966390,Sea Isle City,Cape May,63.4,1.6,2.52,59.2,1.6,2.52,37.6,38.3,37.6,36.5,4.2,-0.7,1.1
3400971010,Stone Harbor Borough,Cape May,62,2.5,4.03,62.5,2.5,4.03,37.6,38.3,37.6,36.5,-0.5,-0.7,1.1
3400974810,Upper,Cape May,42.7,2.1,4.92,43.3,2.1,4.92,37.6,38.3,37.6,36.5,-0.6,-0.7,1.1
3400978530,West Cape May,Cape May,51.8,4.4,8.49,55.1,4.4,8.49,37.6,38.3,37.6,36.5,-3.3,-0.7,1.1
3400980210,West Wildwood Borough,Cape May,59.7,2.6,4.36,49.4,2.6,4.36,37.6,38.3,37.6,36.5,10.3,-0.7,1.1
3400981170,Wildwood,Cape May,45.2,8,17.7,40.9,8,17.7,37.6,38.3,37.6,36.5,4.3,-0.7,1.1
3400981200,Wildwood Crest,Cape May,58.5,4.5,7.69,49.8,4.5,7.69,37.6,38.3,37.6,36.5,8.7,-0.7,1.1
3400981890,Woodbine,Cape May,40.2,2.6,6.47,38.9,2.6,6.47,37.6,38.3,37.6,36.5,1.3,-0.7,1.1
3401107600,Bridgeton,Cumberland,30,0.7,2.33,31.1,0.7,2.33,37.6,38.3,37.6,36.5,-1.1,-0.7,1.1
3401114710,Commercial,Cumberland,39.5,3.4,8.61,37,3.4,8.61,37.6,38.3,37.6,36.5,2.5,-0.7,1.1
3401116900,Deerfield,Cumberland,43,3.7,8.6,36.1,3.7,8.6,37.6,38.3,37.6,36.5,6.9,-0.7,1.1
3401118220,Downe,Cumberland,46.3,3.7,7.99,45.1,3.7,7.99,37.6,38.3,37.6,36.5,1.2,-0.7,1.1
3401122350,Fairfield,Cumberland,39.1,1.6,4.09,37.4,1.6,4.09,37.6,38.3,37.6,36.5,1.7,-0.7,1.1
3401128170,Greenwich Township,Cumberland,45.9,5.9,12.85,44.8,5.9,12.85,37.6,38.3,37.6,36.5,1.1,-0.7,1.1
3401133120,Hopewell,Cumberland,46,3,6.52,44.6,3,6.52,37.6,38.3,37.6,36.5,1.4,-0.7,1.1
3401139450,Lawrence Township,Cumberland,39.7,2.3,5.79,36.5,2.3,5.79,37.6,38.3,37.6,36.5,3.2,-0.7,1.1
3401144580,Maurice River,Cumberland,37.8,1.6,4.23,37.3,1.6,4.23,37.6,38.3,37.6,36.5,0.5,-0.7,1.1
3401146680,Millville,Cumberland,37.3,1.8,4.83,35.9,1.8,4.83,37.6,38.3,37.6,36.5,1.4,-0.7,1.1
3401167020,Shiloh Borough,Cumberland,44.1,5.5,12.47,31.8,5.5,12.47,37.6,38.3,37.6,36.5,12.3,-0.7,1.1
3401171160,Stow Creek,Cumberland,50.4,3.7,7.34,42.9,3.7,7.34,37.6,38.3,37.6,36.5,7.5,-0.7,1.1
3401174870,Upper Deerfield,Cumberland,41.6,2.8,6.73,38.6,2.8,6.73,37.6,38.3,37.6,36.5,3,-0.7,1.1
3401176070,Vineland,Cumberland,38.3,1,2.61,37.2,1,2.61,37.6,38.3,37.6,36.5,1.1,-0.7,1.1
3401304695,Belleville,Essex,38.8,1.5,3.87,37.5,1.5,3.87,37.6,38.3,37.6,36.5,1.3,-0.7,1.1
3401306260,Bloomfield,Essex,37.9,1,2.64,37.9,1,2.64,37.6,38.3,37.6,36.5,0,-0.7,1.1
3401309250,Caldwell,Essex,41.4,2.3,5.56,38.9,2.3,5.56,37.6,38.3,37.6,36.5,2.5,-0.7,1.1
3401311200,Cedar Grove,Essex,47,2.2,4.68,44.8,2.2,4.68,37.6,38.3,37.6,36.5,2.2,-0.7,1.1
3401313045,City of Orange,Essex,34.2,1.7,4.97,33.6,1.7,4.97,37.6,38.3,37.6,36.5,0.6,-0.7,1.1
3401319390,East Orange,Essex,37.6,1.2,3.19,34.7,1.2,3.19,37.6,38.3,37.6,36.5,2.9,-0.7,1.1
3401321840,Essex Fells,Essex,45.3,1.8,3.97,41.1,1.8,3.97,37.6,38.3,37.6,36.5,4.2,-0.7,1.1
3401322385,Fairfield,Essex,45.5,2.6,5.71,41.8,2.6,5.71,37.6,38.3,37.6,36.5,3.7,-0.7,1.1
3401326610,Glen Ridge,Essex,41.8,1.5,3.59,37,1.5,3.59,37.6,38.3,37.6,36.5,4.8,-0.7,1.1
3401334450,Irvington,Essex,34.9,1.1,3.15,32.9,1.1,3.15,37.6,38.3,37.6,36.5,2,-0.7,1.1
3401340890,Livingston,Essex,43.6,0.7,1.61,41.7,0.7,1.61,37.6,38.3,37.6,36.5,1.9,-0.7,1.1
3401343800,Maplewood,Essex,39.2,1,2.55,38.2,1,2.55,37.6,38.3,37.6,36.5,1,-0.7,1.1
3401346380,Millburn,Essex,40.6,1.5,3.69,39.9,1.5,3.69,37.6,38.3,37.6,36.5,0.7,-0.7,1.1
3401347500,Montclair,Essex,40.6,0.9,2.22,38.8,0.9,2.22,37.6,38.3,37.6,36.5,1.8,-0.7,1.1
3401351000,Newark,Essex,32.6,0.3,0.92,32.3,0.3,0.92,37.6,38.3,37.6,36.5,0.3,-0.7,1.1
3401352620,North Caldwell,Essex,44.6,0.8,1.79,44.6,0.8,1.79,37.6,38.3,37.6,36.5,0,-0.7,1.1
3401353680,Nutley,Essex,42,1.7,4.05,39.4,1.7,4.05,37.6,38.3,37.6,36.5,2.6,-0.7,1.1
3401364590,Roseland,Essex,47.8,1.6,3.35,42.2,1.6,3.35,37.6,38.3,37.6,36.5,5.6,-0.7,1.1
3401369274,South Orange Village,Essex,35.6,2.5,7.02,35.6,2.5,7.02,37.6,38.3,37.6,36.5,0,-0.7,1.1
3401375815,Verona,Essex,45.6,2,4.39,43.7,2,4.39,37.6,38.3,37.6,36.5,1.9,-0.7,1.1
3401378510,West Caldwell,Essex,45,1.3,2.89,43.2,1.3,2.89,37.6,38.3,37.6,36.5,1.8,-0.7,1.1
3401379800,West Orange,Essex,41.1,0.7,1.7,41,0.7,1.7,37.6,38.3,37.6,36.5,0.1,-0.7,1.1
3401513360,Clayton,Gloucester,39.1,2.3,5.88,36.4,2.3,5.88,37.6,38.3,37.6,36.5,2.7,-0.7,1.1
3401517710,Deptford,Gloucester,40.6,1.1,2.71,39.7,1.1,2.71,37.6,38.3,37.6,36.5,0.9,-0.7,1.1
3401519180,East Greenwich,Gloucester,38.2,3,7.85,40.7,3,7.85,37.6,38.3,37.6,36.5,-2.5,-0.7,1.1
3401521060,Elk,Gloucester,41.5,2.6,6.27,37.4,2.6,6.27,37.6,38.3,37.6,36.5,4.1,-0.7,1.1
3401524840,Franklin,Gloucester,41.3,1.1,2.66,39.7,1.1,2.66,37.6,38.3,37.6,36.5,1.6,-0.7,1.1
3401526340,Glassboro,Gloucester,28.1,1.8,6.41,28.6,1.8,6.41,37.6,38.3,37.6,36.5,-0.5,-0.7,1.1
3401528185,Greenwich,Gloucester,46,2.5,5.43,39.7,2.5,5.43,37.6,38.3,37.6,36.5,6.3,-0.7,1.1
3401530180,Harrison,Gloucester,38,1.6,4.21,35,1.6,4.21,37.6,38.3,37.6,36.5,3,-0.7,1.1
3401541160,Logan,Gloucester,36.7,2.2,5.99,35.4,2.2,5.99,37.6,38.3,37.6,36.5,1.3,-0.7,1.1
3401543440,Mantua,Gloucester,43.1,1.3,3.02,39.8,1.3,3.02,37.6,38.3,37.6,36.5,3.3,-0.7,1.1
3401547250,Monroe,Gloucester,39.8,1.1,2.76,38.3,1.1,2.76,37.6,38.3,37.6,36.5,1.5,-0.7,1.1
3401549680,National Park,Gloucester,37.5,3.6,9.6,38.3,3.6,9.6,37.6,38.3,37.6,36.5,-0.8,-0.7,1.1
3401551390,Newfield,Gloucester,42.7,2.4,5.62,39.3,2.4,5.62,37.6,38.3,37.6,36.5,3.4,-0.7,1.1
3401557150,Paulsboro,Gloucester,34.6,4.1,11.85,38.2,4.1,11.85,37.6,38.3,37.6,36.5,-3.6,-0.7,1.1
3401559070,Pitman,Gloucester,42.7,1.9,4.45,38.6,1.9,4.45,37.6,38.3,37.6,36.5,4.1,-0.7,1.1
3401569030,South Harrison,Gloucester,40.6,3,7.39,36.5,3,7.39,37.6,38.3,37.6,36.5,4.1,-0.7,1.1
3401571850,Swedesboro,Gloucester,33.9,3.4,10.03,33.6,3.4,10.03,37.6,38.3,37.6,36.5,0.3,-0.7,1.1
3401577180,Washington,Gloucester,41.2,0.8,1.94,38.1,0.8,1.94,37.6,38.3,37.6,36.5,3.1,-0.7,1.1
3401578110,Wenonah,Gloucester,41.9,1.1,2.63,38.7,1.1,2.63,37.6,38.3,37.6,36.5,3.2,-0.7,1.1
3401578800,West Deptford,Gloucester,41.2,1,2.43,40.8,1,2.43,37.6,38.3,37.6,36.5,0.4,-0.7,1.1
3401580120,Westville,Gloucester,40,2.8,7,37.9,2.8,7,37.6,38.3,37.6,36.5,2.1,-0.7,1.1
3401582120,Woodbury,Gloucester,36.7,2.1,5.72,36.8,2.1,5.72,37.6,38.3,37.6,36.5,-0.1,-0.7,1.1
3401582180,Woodbury Heights,Gloucester,43.4,2.6,5.99,41.8,2.6,5.99,37.6,38.3,37.6,36.5,1.6,-0.7,1.1
3401582840,Woolwich,Gloucester,36.4,1.1,3.02,33.4,1.1,3.02,37.6,38.3,37.6,36.5,3,-0.7,1.1
3401703580,Bayonne,Hudson,38.6,1.1,2.85,39.3,1.1,2.85,37.6,38.3,37.6,36.5,-0.7,-0.7,1.1
3401719360,East Newark,Hudson,32.8,1.7,5.18,34.7,1.7,5.18,37.6,38.3,37.6,36.5,-1.9,-0.7,1.1
3401728650,Guttenberg,Hudson,36.6,2.3,6.28,38,2.3,6.28,37.6,38.3,37.6,36.5,-1.4,-0.7,1.1
3401730210,Harrison,Hudson,34.4,1.4,4.07,33.8,1.4,4.07,37.6,38.3,37.6,36.5,0.6,-0.7,1.1
3401732250,Hoboken,Hudson,31.4,0.5,1.59,31.5,0.5,1.59,37.6,38.3,37.6,36.5,-0.1,-0.7,1.1
3401736000,Jersey City,Hudson,33.9,0.3,0.88,33.4,0.3,0.88,37.6,38.3,37.6,36.5,0.5,-0.7,1.1
3401736510,Kearny,Hudson,37,0.8,2.16,36.8,0.8,2.16,37.6,38.3,37.6,36.5,0.2,-0.7,1.1
3401752470,North Bergen,Hudson,36,0.9,2.5,36.3,0.9,2.5,37.6,38.3,37.6,36.5,-0.3,-0.7,1.1
3401766570,Secaucus,Hudson,40.2,1.3,3.23,41.4,1.3,3.23,37.6,38.3,37.6,36.5,-1.2,-0.7,1.1
3401774630,Union City,Hudson,34.7,0.7,2.02,33.8,0.7,2.02,37.6,38.3,37.6,36.5,0.9,-0.7,1.1
3401777930,Weehawken,Hudson,37.7,2.1,5.57,36.5,2.1,5.57,37.6,38.3,37.6,36.5,1.2,-0.7,1.1
3401779610,West New York,Hudson,34.8,1,2.87,34.5,1,2.87,37.6,38.3,37.6,36.5,0.3,-0.7,1.1
3401900550,Alexandria,Hunterdon,46.6,2.2,4.72,43.3,2.2,4.72,37.6,38.3,37.6,36.5,3.3,-0.7,1.1
3401905650,Bethlehem,Hunterdon,46,1.4,3.04,41.7,1.4,3.04,37.6,38.3,37.6,36.5,4.3,-0.7,1.1
3401906370,Bloomsbury Borough,Hunterdon,44,3.4,7.73,38,3.4,7.73,37.6,38.3,37.6,36.5,6,-0.7,1.1
3401909280,Califon Borough,Hunterdon,39.7,3.9,9.82,38.1,3.9,9.82,37.6,38.3,37.6,36.5,1.6,-0.7,1.1
3401913720,Clinton Town,Hunterdon,40.3,2.1,5.21,40.3,2.1,5.21,37.6,38.3,37.6,36.5,0,-0.7,1.1
3401913750,Clinton Township,Hunterdon,35.9,3.6,10.03,39.6,3.6,10.03,37.6,38.3,37.6,36.5,-3.7,-0.7,1.1
3401917170,Delaware,Hunterdon,50.5,2.4,4.75,47.2,2.4,4.75,37.6,38.3,37.6,36.5,3.3,-0.7,1.1
3401918820,East Amwell,Hunterdon,48.5,1.7,3.51,43.4,1.7,3.51,37.6,38.3,37.6,36.5,5.1,-0.7,1.1
3401923700,Flemington,Hunterdon,36,1.7,4.72,36.2,1.7,4.72,37.6,38.3,37.6,36.5,-0.2,-0.7,1.1
3401924870,Franklin,Hunterdon,48.3,1.6,3.31,46,1.6,3.31,37.6,38.3,37.6,36.5,2.3,-0.7,1.1
3401925350,Frenchtown Borough,Hunterdon,46.7,4.1,8.78,40.9,4.1,8.78,37.6,38.3,37.6,36.5,5.8,-0.7,1.1
3401926550,Glen Gardner Borough,Hunterdon,44.9,3.8,8.46,38.9,3.8,8.46,37.6,38.3,37.6,36.5,6,-0.7,1.1
3401929460,Hampton,Hunterdon,45.8,3.8,8.3,39.3,3.8,8.3,37.6,38.3,37.6,36.5,6.5,-0.7,1.1
3401931320,High Bridge,Hunterdon,41.7,1.9,4.56,36.7,1.9,4.56,37.6,38.3,37.6,36.5,5,-0.7,1.1
3401932460,Holland,Hunterdon,47.1,1.4,2.97,43.1,1.4,2.97,37.6,38.3,37.6,36.5,4,-0.7,1.1
3401937065,Kingwood,Hunterdon,45.3,2.9,6.4,47.3,2.9,6.4,37.6,38.3,37.6,36.5,-2,-0.7,1.1
3401938610,Lambertville,Hunterdon,49.3,5.3,10.75,46.3,5.3,10.75,37.6,38.3,37.6,36.5,3,-0.7,1.1
3401939630,Lebanon Borough,Hunterdon,39.8,4,10.05,42.7,4,10.05,37.6,38.3,37.6,36.5,-2.9,-0.7,1.1
3401939660,Lebanon Township,Hunterdon,47.5,2.8,5.89,41.8,2.8,5.89,37.6,38.3,37.6,36.5,5.7,-0.7,1.1
3401946260,Milford Borough,Hunterdon,48.3,4.7,9.73,41.8,4.7,9.73,37.6,38.3,37.6,36.5,6.5,-0.7,1.1
3401961920,Raritan,Hunterdon,43.9,0.9,2.05,40.7,0.9,2.05,37.6,38.3,37.6,36.5,3.2,-0.7,1.1
3401962250,Readington,Hunterdon,46.7,1.2,2.57,41.7,1.2,2.57,37.6,38.3,37.6,36.5,5,-0.7,1.1
3401970980,Stockton Borough,Hunterdon,43.6,4.6,10.55,47.8,4.6,10.55,37.6,38.3,37.6,36.5,-4.2,-0.7,1.1
3401972510,Tewksbury,Hunterdon,50.3,1.6,3.18,46.4,1.6,3.18,37.6,38.3,37.6,36.5,3.9,-0.7,1.1
3401974420,Union,Hunterdon,42.8,2.2,5.14,41.2,2.2,5.14,37.6,38.3,37.6,36.5,1.6,-0.7,1.1
3401978230,West Amwell,Hunterdon,46.2,1.8,3.9,45.5,1.8,3.9,37.6,38.3,37.6,36.5,0.7,-0.7,1.1
3402119780,East Windsor,Mercer,38.4,1.9,4.95,36.9,1.9,4.95,37.6,38.3,37.6,36.5,1.5,-0.7,1.1
3402122185,Ewing,Mercer,37.4,1.7,4.55,37.8,1.7,4.55,37.6,38.3,37.6,36.5,-0.4,-0.7,1.1
3402129310,Hamilton,Mercer,42.4,0.7,1.65,39.9,0.7,1.65,37.6,38.3,37.6,36.5,2.5,-0.7,1.1
3402131620,Hightstown,Mercer,35.2,5.1,14.49,38.7,5.1,14.49,37.6,38.3,37.6,36.5,-3.5,-0.7,1.1
3402133150,Hopewell Borough,Mercer,45.3,1.2,2.65,41.4,1.2,2.65,37.6,38.3,37.6,36.5,3.9,-0.7,1.1
3402133180,Hopewell Township,Mercer,44.9,1,2.23,40.2,1,2.23,37.6,38.3,37.6,36.5,4.7,-0.7,1.1
3402139510,Lawrence,Mercer,39.5,0.8,2.03,36.5,0.8,2.03,37.6,38.3,37.6,36.5,3,-0.7,1.1
3402157600,Pennington,Mercer,46.1,2.8,6.07,42.1,2.8,6.07,37.6,38.3,37.6,36.5,4,-0.7,1.1
3402160900,Princeton,Mercer,32.4,1.7,5.25,30.5,1.7,5.25,37.6,38.3,37.6,36.5,1.9,-0.7,1.1
3402163850,Robbinsville,Mercer,40.2,2.3,5.72,38.5,2.3,5.72,37.6,38.3,37.6,36.5,1.7,-0.7,1.1
3402174000,Trenton,Mercer,33.8,0.5,1.48,32.1,0.5,1.48,37.6,38.3,37.6,36.5,1.7,-0.7,1.1
3402180240,West Windsor,Mercer,40.6,0.7,1.72,38.4,0.7,1.72,37.6,38.3,37.6,36.5,2.2,-0.7,1.1
3402310750,Carteret,Middlesex,35.2,1.3,3.69,38.5,1.3,3.69,37.6,38.3,37.6,36.5,-3.3,-0.7,1.1
3402315550,Cranbury,Middlesex,48.3,3.8,7.87,44.8,3.8,7.87,37.6,38.3,37.6,36.5,3.5,-0.7,1.1
3402318490,Dunellen,Middlesex,37.6,5.1,13.56,31.8,5.1,13.56,37.6,38.3,37.6,36.5,5.8,-0.7,1.1
3402319000,East Brunswick,Middlesex,42.5,0.5,1.18,41.1,0.5,1.18,37.6,38.3,37.6,36.5,1.4,-0.7,1.1
3402320230,Edison,Middlesex,38.8,0.5,1.29,36.7,0.5,1.29,37.6,38.3,37.6,36.5,2.1,-0.7,1.1
3402330840,Helmetta,Middlesex,41.7,1.6,3.84,37.8,1.6,3.84,37.6,38.3,37.6,36.5,3.9,-0.7,1.1
3402331470,Highland Park,Middlesex,34.9,2.3,6.59,34.7,2.3,6.59,37.6,38.3,37.6,36.5,0.2,-0.7,1.1
3402334890,Jamesburg,Middlesex,37.5,2.8,7.47,36.7,2.8,7.47,37.6,38.3,37.6,36.5,0.8,-0.7,1.1
3402345690,Metuchen,Middlesex,41.6,1.4,3.37,40,1.4,3.37,37.6,38.3,37.6,36.5,1.6,-0.7,1.1
3402345900,Middlesex,Middlesex,41.2,2.1,5.1,42.3,2.1,5.1,37.6,38.3,37.6,36.5,-1.1,-0.7,1.1
3402346620,Milltown,Middlesex,40.8,1.9,4.66,38.8,1.9,4.66,37.6,38.3,37.6,36.5,2,-0.7,1.1
3402347280,Monroe,Middlesex,55.1,1.2,2.18,53.2,1.2,2.18,37.6,38.3,37.6,36.5,1.9,-0.7,1.1
3402351210,New Brunswick,Middlesex,23.5,0.7,2.98,24.5,0.7,2.98,37.6,38.3,37.6,36.5,-1,-0.7,1.1
3402352560,North Brunswick,Middlesex,36.2,1,2.76,36,1,2.76,37.6,38.3,37.6,36.5,0.2,-0.7,1.1
3402354705,Old Bridge,Middlesex,41.2,0.7,1.7,38.4,0.7,1.7,37.6,38.3,37.6,36.5,2.8,-0.7,1.1
3402358200,Perth Amboy,Middlesex,32.9,1,3.04,32,1,3.04,37.6,38.3,37.6,36.5,0.9,-0.7,1.1
3402359010,Piscataway,Middlesex,31.8,0.8,2.52,32.6,0.8,2.52,37.6,38.3,37.6,36.5,-0.8,-0.7,1.1
3402359280,Plainsboro,Middlesex,36.2,1.5,4.14,34.2,1.5,4.14,37.6,38.3,37.6,36.5,2,-0.7,1.1
3402365790,Sayreville,Middlesex,39,0.9,2.31,38.3,0.9,2.31,37.6,38.3,37.6,36.5,0.7,-0.7,1.1
3402368550,South Amboy,Middlesex,44.7,4.6,10.29,37.8,4.6,10.29,37.6,38.3,37.6,36.5,6.9,-0.7,1.1
3402368790,South Brunswick,Middlesex,39.7,0.7,1.76,37.2,0.7,1.76,37.6,38.3,37.6,36.5,2.5,-0.7,1.1
3402369390,South Plainfield,Middlesex,41.6,0.8,1.92,39.4,0.8,1.92,37.6,38.3,37.6,36.5,2.2,-0.7,1.1
3402369420,South River,Middlesex,37.4,2.1,5.61,36.8,2.1,5.61,37.6,38.3,37.6,36.5,0.6,-0.7,1.1
3402369810,Spotswood,Middlesex,43.7,2.5,5.72,39.8,2.5,5.72,37.6,38.3,37.6,36.5,3.9,-0.7,1.1
3402382000,Woodbridge,Middlesex,38.9,0.6,1.54,38,0.6,1.54,37.6,38.3,37.6,36.5,0.9,-0.7,1.1
3402500070,Aberdeen,Monmouth,39.3,1.1,2.8,39.9,1.1,2.8,37.6,38.3,37.6,36.5,-0.6,-0.7,1.1
3402500730,Allenhurst,Monmouth,48.9,5.8,11.86,48.5,5.8,11.86,37.6,38.3,37.6,36.5,0.4,-0.7,1.1
3402500760,Allentown,Monmouth,42.5,2,4.71,42.3,2,4.71,37.6,38.3,37.6,36.5,0.2,-0.7,1.1
3402501960,Asbury Park,Monmouth,35,1.8,5.14,33.4,1.8,5.14,37.6,38.3,37.6,36.5,1.6,-0.7,1.1
3402502110,Atlantic Highlands,Monmouth,46.6,3.4,7.3,42.6,3.4,7.3,37.6,38.3,37.6,36.5,4,-0.7,1.1
3402502440,Avon-by-the-Sea,Monmouth,52.6,2.5,4.75,47.6,2.5,4.75,37.6,38.3,37.6,36.5,5,-0.7,1.1
3402504930,Belmar,Monmouth,46.1,3.6,7.81,38.2,3.6,7.81,37.6,38.3,37.6,36.5,7.9,-0.7,1.1
3402506970,Bradley Beach,Monmouth,41.2,3.9,9.47,39.9,3.9,9.47,37.6,38.3,37.6,36.5,1.3,-0.7,1.1
3402507750,Brielle,Monmouth,47.3,1.6,3.38,45.2,1.6,3.38,37.6,38.3,37.6,36.5,2.1,-0.7,1.1
3402514560,Colts Neck,Monmouth,44.8,1.7,3.79,40.6,1.7,3.79,37.6,38.3,37.6,36.5,4.2,-0.7,1.1
3402516660,Deal,Monmouth,56.7,4.9,8.64,44.6,4.9,8.64,37.6,38.3,37.6,36.5,12.1,-0.7,1.1
3402519840,Eatontown,Monmouth,41.2,1.5,3.64,38,1.5,3.64,37.6,38.3,37.6,36.5,3.2,-0.7,1.1
3402521570,Englishtown,Monmouth,41.1,1.8,4.38,36.8,1.8,4.38,37.6,38.3,37.6,36.5,4.3,-0.7,1.1
3402522440,Fair Haven,Monmouth,41.7,1.8,4.32,39.1,1.8,4.32,37.6,38.3,37.6,36.5,2.6,-0.7,1.1
3402522950,Farmingdale,Monmouth,35.4,2.8,7.91,39.7,2.8,7.91,37.6,38.3,37.6,36.5,-4.3,-0.7,1.1
3402525200,Freehold Borough,Monmouth,32.7,1.8,5.5,35.2,1.8,5.5,37.6,38.3,37.6,36.5,-2.5,-0.7,1.1
3402525230,Freehold Township,Monmouth,42.7,0.9,2.11,40.9,0.9,2.11,37.6,38.3,37.6,36.5,1.8,-0.7,1.1
3402530690,Hazlet,Monmouth,43.7,1.1,2.52,41.4,1.1,2.52,37.6,38.3,37.6,36.5,2.3,-0.7,1.1
3402531500,Highlands,Monmouth,48.2,1.6,3.32,43.7,1.6,3.32,37.6,38.3,37.6,36.5,4.5,-0.7,1.1
3402532640,Holmdel,Monmouth,47.2,1.5,3.18,43.8,1.5,3.18,37.6,38.3,37.6,36.5,3.4,-0.7,1.1
3402533300,Howell,Monmouth,39.8,0.9,2.26,37.9,0.9,2.26,37.6,38.3,37.6,36.5,1.9,-0.7,1.1
3402534200,Interlaken,Monmouth,56.8,2.4,4.23,51.9,2.4,4.23,37.6,38.3,37.6,36.5,4.9,-0.7,1.1
3402536480,Keansburg,Monmouth,41.4,2.2,5.31,34.2,2.2,5.31,37.6,38.3,37.6,36.5,7.2,-0.7,1.1
3402536810,Keyport,Monmouth,37.9,3.9,10.29,42.4,3.9,10.29,37.6,38.3,37.6,36.5,-4.5,-0.7,1.1
3402537560,Lake Como,Monmouth,43.8,5.2,11.87,37.2,5.2,11.87,37.6,38.3,37.6,36.5,6.6,-0.7,1.1
3402540770,Little Silver,Monmouth,43.9,1.4,3.19,43.3,1.4,3.19,37.6,38.3,37.6,36.5,0.6,-0.7,1.1
3402541010,Loch Arbour Village,Monmouth,42.9,7,16.32,44.4,7,16.32,37.6,38.3,37.6,36.5,-1.5,-0.7,1.1
3402541310,Long Branch,Monmouth,35.5,1.5,4.23,35.3,1.5,4.23,37.6,38.3,37.6,36.5,0.2,-0.7,1.1
3402542990,Manalapan,Monmouth,42.7,0.8,1.87,40.6,0.8,1.87,37.6,38.3,37.6,36.5,2.1,-0.7,1.1
3402543050,Manasquan,Monmouth,45.6,2.3,5.04,41.3,2.3,5.04,37.6,38.3,37.6,36.5,4.3,-0.7,1.1
3402544070,Marlboro,Monmouth,42.8,0.8,1.87,40,0.8,1.87,37.6,38.3,37.6,36.5,2.8,-0.7,1.1
3402544520,Matawan,Monmouth,38.4,1.6,4.17,36.7,1.6,4.17,37.6,38.3,37.6,36.5,1.7,-0.7,1.1
3402545990,Middletown,Monmouth,43.6,0.7,1.61,41.3,0.7,1.61,37.6,38.3,37.6,36.5,2.3,-0.7,1.1
3402546560,Millstone,Monmouth,45.4,1.3,2.86,40.8,1.3,2.86,37.6,38.3,37.6,36.5,4.6,-0.7,1.1
3402547130,Monmouth Beach,Monmouth,51,2.7,5.29,46.2,2.7,5.29,37.6,38.3,37.6,36.5,4.8,-0.7,1.1
3402549890,Neptune Township,Monmouth,43.5,1.1,2.53,40.8,1.1,2.53,37.6,38.3,37.6,36.5,2.7,-0.7,1.1
3402549920,Neptune City,Monmouth,42.4,4.4,10.38,41.4,4.4,10.38,37.6,38.3,37.6,36.5,1,-0.7,1.1
3402554270,Ocean,Monmouth,42.2,1.4,3.32,40.9,1.4,3.32,37.6,38.3,37.6,36.5,1.3,-0.7,1.1
3402554570,Oceanport,Monmouth,43.2,4.1,9.49,40.2,4.1,9.49,37.6,38.3,37.6,36.5,3,-0.7,1.1
3402562430,Red Bank,Monmouth,37.2,1.6,4.3,37.2,1.6,4.3,37.6,38.3,37.6,36.5,0,-0.7,1.1
3402564410,Roosevelt,Monmouth,40.6,7.8,19.21,40.2,7.8,19.21,37.6,38.3,37.6,36.5,0.4,-0.7,1.1
3402565130,Rumson,Monmouth,43,3.1,7.21,41.9,3.1,7.21,37.6,38.3,37.6,36.5,1.1,-0.7,1.1
3402566240,Sea Bright,Monmouth,47.8,2.3,4.81,47.3,2.3,4.81,37.6,38.3,37.6,36.5,0.5,-0.7,1.1
3402566330,Sea Girt,Monmouth,55.9,3.3,5.9,52.2,3.3,5.9,37.6,38.3,37.6,36.5,3.7,-0.7,1.1
3402567350,Shrewsbury Borough,Monmouth,44.5,3.9,8.76,43.6,3.9,8.76,37.6,38.3,37.6,36.5,0.9,-0.7,1.1
3402567365,Shrewsbury Township,Monmouth,39.7,6.4,16.12,40.3,6.4,16.12,37.6,38.3,37.6,36.5,-0.6,-0.7,1.1
3402570110,Spring Lake,Monmouth,56.1,2.7,4.81,56.8,2.7,4.81,37.6,38.3,37.6,36.5,-0.7,-0.7,1.1
3402570140,Spring Lake Heights,Monmouth,49.8,5.9,11.85,50.7,5.9,11.85,37.6,38.3,37.6,36.5,-0.9,-0.7,1.1
3402573020,Tinton Falls,Monmouth,46.6,1.5,3.22,42.5,1.5,3.22,37.6,38.3,37.6,36.5,4.1,-0.7,1.1
3402574540,Union Beach,Monmouth,40.9,2.7,6.6,39.5,2.7,6.6,37.6,38.3,37.6,36.5,1.4,-0.7,1.1
3402574900,Upper Freehold,Monmouth,44.6,2,4.48,43,2,4.48,37.6,38.3,37.6,36.5,1.6,-0.7,1.1
3402576460,Wall,Monmouth,45.9,1.3,2.83,43.2,1.3,2.83,37.6,38.3,37.6,36.5,2.7,-0.7,1.1
3402579310,West Long Branch,Monmouth,35.7,4,11.2,39.4,4,11.2,37.6,38.3,37.6,36.5,-3.7,-0.7,1.1
3402706610,Boonton,Morris,39.5,1.5,3.8,38.3,1.5,3.8,37.6,38.3,37.6,36.5,1.2,-0.7,1.1
3402706640,Boonton Township,Morris,48,2.5,5.21,42.4,2.5,5.21,37.6,38.3,37.6,36.5,5.6,-0.7,1.1
3402709040,Butler,Morris,38.4,2.4,6.25,38.5,2.4,6.25,37.6,38.3,37.6,36.5,-0.1,-0.7,1.1
3402712100,Chatham Borough,Morris,37.9,1.8,4.75,34.7,1.8,4.75,37.6,38.3,37.6,36.5,3.2,-0.7,1.1
3402712130,Chatham Township,Morris,44,1.6,3.64,42.2,1.6,3.64,37.6,38.3,37.6,36.5,1.8,-0.7,1.1
3402712580,Chester Borough,Morris,44.2,2.3,5.2,41.2,2.3,5.2,37.6,38.3,37.6,36.5,3,-0.7,1.1
3402712610,Chester Township,Morris,44.7,2,4.47,41.7,2,4.47,37.6,38.3,37.6,36.5,3,-0.7,1.1
3402717650,Denville,Morris,43.8,1.4,3.2,42.5,1.4,3.2,37.6,38.3,37.6,36.5,1.3,-0.7,1.1
3402718070,Dover,Morris,36.4,1.5,4.12,35.8,1.5,4.12,37.6,38.3,37.6,36.5,0.6,-0.7,1.1
3402719210,East Hanover,Morris,45.9,1.3,2.83,44,1.3,2.83,37.6,38.3,37.6,36.5,1.9,-0.7,1.1
3402723910,Florham Park,Morris,40.4,2.8,6.93,40.8,2.8,6.93,37.6,38.3,37.6,36.5,-0.4,-0.7,1.1
3402729550,Hanover,Morris,44.1,1.4,3.17,41.2,1.4,3.17,37.6,38.3,37.6,36.5,2.9,-0.7,1.1
3402729700,Harding,Morris,46.8,3.1,6.62,45.8,3.1,6.62,37.6,38.3,37.6,36.5,1,-0.7,1.1
3402734980,Jefferson,Morris,42.9,0.9,2.1,38.6,0.9,2.1,37.6,38.3,37.6,36.5,4.3,-0.7,1.1
3402737110,Kinnelon,Morris,44,2.3,5.23,40.8,2.3,5.23,37.6,38.3,37.6,36.5,3.2,-0.7,1.1
3402740290,Lincoln Park,Morris,45.1,2,4.43,43.8,2,4.43,37.6,38.3,37.6,36.5,1.3,-0.7,1.1
3402741362,Long Hill,Morris,44.3,1.2,2.71,43.1,1.2,2.71,37.6,38.3,37.6,36.5,1.2,-0.7,1.1
3402742510,Madison,Morris,39,2.5,6.41,38.1,2.5,6.41,37.6,38.3,37.6,36.5,0.9,-0.7,1.1
3402745330,Mendham Borough,Morris,46.5,2.4,5.16,40.9,2.4,5.16,37.6,38.3,37.6,36.5,5.6,-0.7,1.1
3402745360,Mendham Township,Morris,45.9,1.6,3.49,42.3,1.6,3.49,37.6,38.3,37.6,36.5,3.6,-0.7,1.1
3402746860,Mine Hill,Morris,39.5,3.6,9.11,40.1,3.6,9.11,37.6,38.3,37.6,36.5,-0.6,-0.7,1.1
3402747670,Montville,Morris,43.8,0.9,2.05,41.4,0.9,2.05,37.6,38.3,37.6,36.5,2.4,-0.7,1.1
3402748090,Morris,Morris,44.5,0.8,1.8,43.9,0.8,1.8,37.6,38.3,37.6,36.5,0.6,-0.7,1.1
3402748210,Morris Plains,Morris,43.1,1.2,2.78,42.1,1.2,2.78,37.6,38.3,37.6,36.5,1,-0.7,1.1
3402748300,Morristown,Morris,36.1,1.5,4.16,35.9,1.5,4.16,37.6,38.3,37.6,36.5,0.2,-0.7,1.1
3402748480,Mountain Lakes,Morris,43.2,1.5,3.47,39.8,1.5,3.47,37.6,38.3,37.6,36.5,3.4,-0.7,1.1
3402748690,Mount Arlington,Morris,51.4,2.1,4.09,43.3,2.1,4.09,37.6,38.3,37.6,36.5,8.1,-0.7,1.1
3402749080,Mount Olive,Morris,38.9,0.9,2.31,36.6,0.9,2.31,37.6,38.3,37.6,36.5,2.3,-0.7,1.1
3402750130,Netcong,Morris,40.3,4.7,11.66,43.5,4.7,11.66,37.6,38.3,37.6,36.5,-3.2,-0.7,1.1
3402756460,Parsippany-Troy Hills,Morris,41.3,0.6,1.45,40.5,0.6,1.45,37.6,38.3,37.6,36.5,0.8,-0.7,1.1
3402758110,Pequannock,Morris,46.5,1.5,3.23,41.2,1.5,3.23,37.6,38.3,37.6,36.5,5.3,-0.7,1.1
3402761890,Randolph,Morris,40.8,1.2,2.94,38.5,1.2,2.94,37.6,38.3,37.6,36.5,2.3,-0.7,1.1
3402763300,Riverdale,Morris,38.9,3.2,8.23,50.8,3.2,8.23,37.6,38.3,37.6,36.5,-11.9,-0.7,1.1
3402764050,Rockaway Borough,Morris,44.7,1.9,4.25,39.5,1.9,4.25,37.6,38.3,37.6,36.5,5.2,-0.7,1.1
3402764080,Rockaway Township,Morris,41.5,1.1,2.65,40.9,1.1,2.65,37.6,38.3,37.6,36.5,0.6,-0.7,1.1
3402764980,Roxbury,Morris,43.2,1.2,2.78,38.5,1.2,2.78,37.6,38.3,37.6,36.5,4.7,-0.7,1.1
3402775890,Victory Gardens,Morris,31.7,3.2,10.09,32.5,3.2,10.09,37.6,38.3,37.6,36.5,-0.8,-0.7,1.1
3402777240,Washington,Morris,44.3,1,2.26,40.6,1,2.26,37.6,38.3,37.6,36.5,3.7,-0.7,1.1
3402780390,Wharton,Morris,37.1,5.3,14.29,35.2,5.3,14.29,37.6,38.3,37.6,36.5,1.9,-0.7,1.1
3402903050,Barnegat,Ocean,45.5,0.8,1.76,41.7,0.8,1.76,37.6,38.3,37.6,36.5,3.8,-0.7,1.1
3402903130,Barnegat Light Borough,Ocean,62.4,3.6,5.77,48.9,3.6,5.77,37.6,38.3,37.6,36.5,13.5,-0.7,1.1
3402903520,Bay Head Borough,Ocean,54,4.3,7.96,52.2,4.3,7.96,37.6,38.3,37.6,36.5,1.8,-0.7,1.1
3402903940,Beach Haven Borough,Ocean,61.1,3.1,5.07,54.7,3.1,5.07,37.6,38.3,37.6,36.5,6.4,-0.7,1.1
3402904180,Beachwood,Ocean,36.5,1.9,5.21,37.1,1.9,5.21,37.6,38.3,37.6,36.5,-0.6,-0.7,1.1
3402905305,Berkeley,Ocean,60.6,1,1.65,61.6,1,1.65,37.6,38.3,37.6,36.5,-1,-0.7,1.1
3402907420,Brick,Ocean,44.3,0.6,1.35,42.4,0.6,1.35,37.6,38.3,37.6,36.5,1.9,-0.7,1.1
3402918670,Eagleswood,Ocean,43.9,3.2,7.29,41.4,3.2,7.29,37.6,38.3,37.6,36.5,2.5,-0.7,1.1
3402930390,Harvey Cedars Borough,Ocean,67.3,1.6,2.38,61.1,1.6,2.38,37.6,38.3,37.6,36.5,6.2,-0.7,1.1
3402934530,Island Heights,Ocean,50.9,2.6,5.11,45.8,2.6,5.11,37.6,38.3,37.6,36.5,5.1,-0.7,1.1
3402934680,Jackson,Ocean,42.3,0.6,1.42,37.8,0.6,1.42,37.6,38.3,37.6,36.5,4.5,-0.7,1.1
3402937380,Lacey,Ocean,44.2,1,2.26,38.6,1,2.26,37.6,38.3,37.6,36.5,5.6,-0.7,1.1
3402937770,Lakehurst,Ocean,32.2,3.7,11.49,33.7,3.7,11.49,37.6,38.3,37.6,36.5,-1.5,-0.7,1.1
3402938550,Lakewood,Ocean,22.4,0.7,3.13,25.7,0.7,3.13,37.6,38.3,37.6,36.5,-3.3,-0.7,1.1
3402939390,Lavallette,Ocean,63.3,1.9,3,56.5,1.9,3,37.6,38.3,37.6,36.5,6.8,-0.7,1.1
3402940560,Little Egg Harbor,Ocean,46,1.4,3.04,42.6,1.4,3.04,37.6,38.3,37.6,36.5,3.4,-0.7,1.1
3402941250,Long Beach,Ocean,66,1.9,2.88,60.7,1.9,2.88,37.6,38.3,37.6,36.5,5.3,-0.7,1.1
3402943140,Manchester,Ocean,63.8,0.8,1.25,65.4,0.8,1.25,37.6,38.3,37.6,36.5,-1.6,-0.7,1.1
3402943380,Mantoloking,Ocean,66.8,2.3,3.44,61.7,2.3,3.44,37.6,38.3,37.6,36.5,5.1,-0.7,1.1
3402954300,Ocean,Ocean,55.7,3.3,5.92,48.4,3.3,5.92,37.6,38.3,37.6,36.5,7.3,-0.7,1.1
3402954450,Ocean Gate,Ocean,42,4,9.52,36.3,4,9.52,37.6,38.3,37.6,36.5,5.7,-0.7,1.1
3402958590,Pine Beach,Ocean,45.8,3.4,7.42,42.1,3.4,7.42,37.6,38.3,37.6,36.5,3.7,-0.7,1.1
3402959790,Plumsted,Ocean,42.7,2.7,6.32,39.3,2.7,6.32,37.6,38.3,37.6,36.5,3.4,-0.7,1.1
3402959880,Point Pleasant,Ocean,43,1.5,3.49,41.1,1.5,3.49,37.6,38.3,37.6,36.5,1.9,-0.7,1.1
3402959910,Point Pleasant Beach,Ocean,47.1,2.7,5.73,44.7,2.7,5.73,37.6,38.3,37.6,36.5,2.4,-0.7,1.1
3402966450,Seaside Heights Borough,Ocean,34.9,5.9,16.91,38.8,5.9,16.91,37.6,38.3,37.6,36.5,-3.9,-0.7,1.1
3402966480,Seaside Park,Ocean,59.5,3.3,5.55,43.4,3.3,5.55,37.6,38.3,37.6,36.5,16.1,-0.7,1.1
3402967110,Ship Bottom,Ocean,62.5,3.5,5.6,56.3,3.5,5.6,37.6,38.3,37.6,36.5,6.2,-0.7,1.1
3402969510,South Toms River,Ocean,31.8,3.1,9.75,36.6,3.1,9.75,37.6,38.3,37.6,36.5,-4.8,-0.7,1.1
3402970320,Stafford,Ocean,44.4,1,2.25,44.8,1,2.25,37.6,38.3,37.6,36.5,-0.4,-0.7,1.1
3402971640,Surf City Borough,Ocean,61.4,2.7,4.4,57.8,2.7,4.4,37.6,38.3,37.6,36.5,3.6,-0.7,1.1
3402973125,Toms River,Ocean,43.7,0.7,1.6,41.8,0.7,1.6,37.6,38.3,37.6,36.5,1.9,-0.7,1.1
3402974210,Tuckerton,Ocean,43.8,3.7,8.45,40.9,3.7,8.45,37.6,38.3,37.6,36.5,2.9,-0.7,1.1
3403106340,Bloomingdale,Passaic,44.8,4.9,10.94,38.4,4.9,10.94,37.6,38.3,37.6,36.5,6.4,-0.7,1.1
3403113690,Clifton,Passaic,37.4,0.8,2.14,38.9,0.8,2.14,37.6,38.3,37.6,36.5,-1.5,-0.7,1.1
3403129070,Haledon,Passaic,37.3,2.7,7.24,34.3,2.7,7.24,37.6,38.3,37.6,36.5,3,-0.7,1.1
3403130570,Hawthorne,Passaic,39.1,2.3,5.88,38.9,2.3,5.88,37.6,38.3,37.6,36.5,0.2,-0.7,1.1
3403140620,Little Falls,Passaic,42,1.9,4.52,37.6,1.9,4.52,37.6,38.3,37.6,36.5,4.4,-0.7,1.1
3403153040,North Haledon,Passaic,47.2,2.4,5.08,41.5,2.4,5.08,37.6,38.3,37.6,36.5,5.7,-0.7,1.1
3403156550,Passaic,Passaic,29.7,0.8,2.69,29.8,0.8,2.69,37.6,38.3,37.6,36.5,-0.1,-0.7,1.1
3403157000,Paterson,Passaic,32.7,0.5,1.53,31.8,0.5,1.53,37.6,38.3,37.6,36.5,0.9,-0.7,1.1
3403160090,Pompton Lakes,Passaic,41.5,2.6,6.27,36.1,2.6,6.27,37.6,38.3,37.6,36.5,5.4,-0.7,1.1
3403161170,Prospect Park,Passaic,29.4,2.1,7.14,31.8,2.1,7.14,37.6,38.3,37.6,36.5,-2.4,-0.7,1.1
3403163150,Ringwood,Passaic,42.2,2.4,5.69,39,2.4,5.69,37.6,38.3,37.6,36.5,3.2,-0.7,1.1
3403173140,Totowa,Passaic,42.7,1.9,4.45,45,1.9,4.45,37.6,38.3,37.6,36.5,-2.3,-0.7,1.1
3403176730,Wanaque,Passaic,48.1,1.9,3.95,43.2,1.9,3.95,37.6,38.3,37.6,36.5,4.9,-0.7,1.1
3403177840,Wayne,Passaic,43,0.9,2.09,42.1,0.9,2.09,37.6,38.3,37.6,36.5,0.9,-0.7,1.1
3403179460,West Milford,Passaic,44,1.1,2.5,39.5,1.1,2.5,37.6,38.3,37.6,36.5,4.5,-0.7,1.1
3403182423,Woodland Park,Passaic,41.9,2.6,6.21,42.4,2.6,6.21,37.6,38.3,37.6,36.5,-0.5,-0.7,1.1
3403300880,Alloway,Salem,42.4,3.8,8.96,37.1,3.8,8.96,37.6,38.3,37.6,36.5,5.3,-0.7,1.1
3403310610,Carneys Point,Salem,43.4,2.4,5.53,38.7,2.4,5.53,37.6,38.3,37.6,36.5,4.7,-0.7,1.1
3403321240,Elmer,Salem,39,3.9,10,36.8,3.9,10,37.6,38.3,37.6,36.5,2.2,-0.7,1.1
3403321330,Elsinboro,Salem,46.9,4.6,9.81,47.9,4.6,9.81,37.6,38.3,37.6,36.5,-1,-0.7,1.1
3403341640,Lower Alloways Creek,Salem,43.6,2.7,6.19,42.1,2.7,6.19,37.6,38.3,37.6,36.5,1.5,-0.7,1.1
3403343200,Mannington,Salem,42.1,4.5,10.69,39.8,4.5,10.69,37.6,38.3,37.6,36.5,2.3,-0.7,1.1
3403354810,Oldmans,Salem,41.8,5.2,12.44,39.2,5.2,12.44,37.6,38.3,37.6,36.5,2.6,-0.7,1.1
3403357750,Penns Grove,Salem,30.3,2.7,8.91,30.3,2.7,8.91,37.6,38.3,37.6,36.5,0,-0.7,1.1
3403357870,Pennsville,Salem,44.4,1.1,2.48,42.9,1.1,2.48,37.6,38.3,37.6,36.5,1.5,-0.7,1.1
3403358530,Pilesgrove,Salem,48.1,3.1,6.44,42.4,3.1,6.44,37.6,38.3,37.6,36.5,5.7,-0.7,1.1
3403359130,Pittsgrove,Salem,44.8,2,4.46,40.2,2,4.46,37.6,38.3,37.6,36.5,4.6,-0.7,1.1
3403361470,Quinton,Salem,42.9,2.8,6.53,40.8,2.8,6.53,37.6,38.3,37.6,36.5,2.1,-0.7,1.1
3403365490,Salem,Salem,32.8,2,6.1,34.6,2,6.1,37.6,38.3,37.6,36.5,-1.8,-0.7,1.1
3403375110,Upper Pittsgrove,Salem,45.6,3.7,8.11,40.8,3.7,8.11,37.6,38.3,37.6,36.5,4.8,-0.7,1.1
3403382720,Woodstown,Salem,40.4,3.7,9.16,35.2,3.7,9.16,37.6,38.3,37.6,36.5,5.2,-0.7,1.1
3403504450,Bedminster,Somerset,47.3,3,6.34,42.6,3,6.34,37.6,38.3,37.6,36.5,4.7,-0.7,1.1
3403505560,Bernards,Somerset,43.4,0.9,2.07,42,0.9,2.07,37.6,38.3,37.6,36.5,1.4,-0.7,1.1
3403505590,Bernardsville,Somerset,41.6,4.3,10.34,41,4.3,10.34,37.6,38.3,37.6,36.5,0.6,-0.7,1.1
3403506790,Bound Brook,Somerset,35.1,2.8,7.98,33.8,2.8,7.98,37.6,38.3,37.6,36.5,1.3,-0.7,1.1
3403507180,Branchburg,Somerset,42.5,1.9,4.47,41.9,1.9,4.47,37.6,38.3,37.6,36.5,0.6,-0.7,1.1
3403507720,Bridgewater,Somerset,42.2,0.8,1.9,41.4,0.8,1.9,37.6,38.3,37.6,36.5,0.8,-0.7,1.1
3403522890,Far Hills,Somerset,45,1.7,3.78,39.3,1.7,3.78,37.6,38.3,37.6,36.5,5.7,-0.7,1.1
3403524900,Franklin,Somerset,40.2,0.9,2.24,36.7,0.9,2.24,37.6,38.3,37.6,36.5,3.5,-0.7,1.1
3403527510,Green Brook,Somerset,45.4,1.6,3.52,41.3,1.6,3.52,37.6,38.3,37.6,36.5,4.1,-0.7,1.1
3403531890,Hillsborough,Somerset,40.3,0.9,2.23,38,0.9,2.23,37.6,38.3,37.6,36.5,2.3,-0.7,1.1
3403543620,Manville,Somerset,41.2,2.7,6.55,37.9,2.7,6.55,37.6,38.3,37.6,36.5,3.3,-0.7,1.1
3403546590,Millstone,Somerset,37.8,4.5,11.9,41.9,4.5,11.9,37.6,38.3,37.6,36.5,-4.1,-0.7,1.1
3403547580,Montgomery,Somerset,42,1.1,2.62,39.2,1.1,2.62,37.6,38.3,37.6,36.5,2.8,-0.7,1.1
3403553280,North Plainfield,Somerset,36.9,1,2.71,35.1,1,2.71,37.6,38.3,37.6,36.5,1.8,-0.7,1.1
3403557300,Peapack and Gladstone,Somerset,40.9,3.7,9.05,43.3,3.7,9.05,37.6,38.3,37.6,36.5,-2.4,-0.7,1.1
3403561980,Raritan,Somerset,38.9,3,7.71,40.1,3,7.71,37.6,38.3,37.6,36.5,-1.2,-0.7,1.1
3403564320,Rocky Hill,Somerset,47.4,8.1,17.09,45.5,8.1,17.09,37.6,38.3,37.6,36.5,1.9,-0.7,1.1
3403568460,Somerville,Somerset,36.5,1.8,4.93,35.8,1.8,4.93,37.6,38.3,37.6,36.5,0.7,-0.7,1.1
3403568730,South Bound Brook,Somerset,37,3,8.11,36.8,3,8.11,37.6,38.3,37.6,36.5,0.2,-0.7,1.1
3403576940,Warren,Somerset,43.6,1.6,3.67,40.7,1.6,3.67,37.6,38.3,37.6,36.5,2.9,-0.7,1.1
3403577600,Watchung,Somerset,44.6,3.4,7.62,42,3.4,7.62,37.6,38.3,37.6,36.5,2.6,-0.7,1.1
3403701330,Andover Borough,Sussex,46.7,4.2,8.99,42.5,4.2,8.99,37.6,38.3,37.6,36.5,4.2,-0.7,1.1
3403701360,Andover Township,Sussex,46.4,1.7,3.66,45.5,1.7,3.66,37.6,38.3,37.6,36.5,0.9,-0.7,1.1
3403707300,Branchville Borough,Sussex,43.3,7.8,18.01,45.8,7.8,18.01,37.6,38.3,37.6,36.5,-2.5,-0.7,1.1
3403709160,Byram,Sussex,42.2,1.6,3.79,40.6,1.6,3.79,37.6,38.3,37.6,36.5,1.6,-0.7,1.1
3403724810,Frankford,Sussex,48.9,1.6,3.27,40.9,1.6,3.27,37.6,38.3,37.6,36.5,8,-0.7,1.1
3403724930,Franklin,Sussex,42.1,3.1,7.36,41.8,3.1,7.36,37.6,38.3,37.6,36.5,0.3,-0.7,1.1
3403725140,Fredon,Sussex,47.6,2,4.2,43,2,4.2,37.6,38.3,37.6,36.5,4.6,-0.7,1.1
3403727420,Green,Sussex,41.9,3.2,7.64,41.8,3.2,7.64,37.6,38.3,37.6,36.5,0.1,-0.7,1.1
3403729220,Hamburg,Sussex,44.2,3,6.79,36.7,3,6.79,37.6,38.3,37.6,36.5,7.5,-0.7,1.1
3403729490,Hampton,Sussex,47.2,1.9,4.03,43,1.9,4.03,37.6,38.3,37.6,36.5,4.2,-0.7,1.1
3403729850,Hardyston,Sussex,46.8,2.3,4.91,41.7,2.3,4.91,37.6,38.3,37.6,36.5,5.1,-0.7,1.1
3403732910,Hopatcong,Sussex,42.7,1.6,3.75,39.6,1.6,3.75,37.6,38.3,37.6,36.5,3.1,-0.7,1.1
3403737440,Lafayette,Sussex,44.5,2.3,5.17,39.6,2.3,5.17,37.6,38.3,37.6,36.5,4.9,-0.7,1.1
3403747430,Montague,Sussex,42.1,5.7,13.54,37.3,5.7,13.54,37.6,38.3,37.6,36.5,4.8,-0.7,1.1
3403751930,Newton,Sussex,40.9,2.7,6.6,40.3,2.7,6.6,37.6,38.3,37.6,36.5,0.6,-0.7,1.1
3403754660,Ogdensburg,Sussex,40.9,3.3,8.07,37.4,3.3,8.07,37.6,38.3,37.6,36.5,3.5,-0.7,1.1
3403765700,Sandyston,Sussex,44.9,2.3,5.12,47.1,2.3,5.12,37.6,38.3,37.6,36.5,-2.2,-0.7,1.1
3403769690,Sparta,Sussex,41.8,0.7,1.67,41.4,0.7,1.67,37.6,38.3,37.6,36.5,0.4,-0.7,1.1
3403770380,Stanhope,Sussex,43.4,2.7,6.22,39.2,2.7,6.22,37.6,38.3,37.6,36.5,4.2,-0.7,1.1
3403770890,Stillwater,Sussex,43,7.9,18.37,39.3,7.9,18.37,37.6,38.3,37.6,36.5,3.7,-0.7,1.1
3403771670,Sussex,Sussex,39.3,4.4,11.2,34.7,4.4,11.2,37.6,38.3,37.6,36.5,4.6,-0.7,1.1
3403775740,Vernon,Sussex,41.5,1.3,3.13,38.5,1.3,3.13,37.6,38.3,37.6,36.5,3,-0.7,1.1
3403776640,Walpack Township,Sussex,77,28,36.36,58.4,28,36.36,37.6,38.3,37.6,36.5,18.6,-0.7,1.1
3403776790,Wantage,Sussex,44.8,1.3,2.9,39.3,1.3,2.9,37.6,38.3,37.6,36.5,5.5,-0.7,1.1
3403905320,Berkeley Heights,Union,45.2,1.6,3.54,42.6,1.6,3.54,37.6,38.3,37.6,36.5,2.6,-0.7,1.1
3403913150,Clark,Union,44,1.2,2.73,44.2,1.2,2.73,37.6,38.3,37.6,36.5,-0.2,-0.7,1.1
3403915640,Cranford,Union,42.4,1.5,3.54,41,1.5,3.54,37.6,38.3,37.6,36.5,1.4,-0.7,1.1
3403921000,Elizabeth,Union,33.1,0.5,1.51,32.7,0.5,1.51,37.6,38.3,37.6,36.5,0.4,-0.7,1.1
3403922860,Fanwood,Union,39.9,1.3,3.26,37.8,1.3,3.26,37.6,38.3,37.6,36.5,2.1,-0.7,1.1
3403925800,Garwood,Union,36.9,3.3,8.94,41.3,3.3,8.94,37.6,38.3,37.6,36.5,-4.4,-0.7,1.1
3403931980,Hillside,Union,38.4,1.2,3.13,38.3,1.2,3.13,37.6,38.3,37.6,36.5,0.1,-0.7,1.1
3403936690,Kenilworth,Union,40.1,4.1,10.22,41.5,4.1,10.22,37.6,38.3,37.6,36.5,-1.4,-0.7,1.1
3403940350,Linden,Union,38.2,1.5,3.93,39.5,1.5,3.93,37.6,38.3,37.6,36.5,-1.3,-0.7,1.1
3403948510,Mountainside,Union,47.2,2.1,4.45,47.7,2.1,4.45,37.6,38.3,37.6,36.5,-0.5,-0.7,1.1
3403951810,New Providence,Union,39.8,1.1,2.76,39.3,1.1,2.76,37.6,38.3,37.6,36.5,0.5,-0.7,1.1
3403959190,Plainfield,Union,34,0.9,2.65,34.2,0.9,2.65,37.6,38.3,37.6,36.5,-0.2,-0.7,1.1
3403961530,Rahway,Union,38,1.8,4.74,38.6,1.8,4.74,37.6,38.3,37.6,36.5,-0.6,-0.7,1.1
3403964620,Roselle,Union,40.1,1.9,4.74,37.5,1.9,4.74,37.6,38.3,37.6,36.5,2.6,-0.7,1.1
3403964650,Roselle Park,Union,37.6,1.4,3.72,37.5,1.4,3.72,37.6,38.3,37.6,36.5,0.1,-0.7,1.1
3403966060,Scotch Plains,Union,42.1,1.3,3.09,40.5,1.3,3.09,37.6,38.3,37.6,36.5,1.6,-0.7,1.1
3403970020,Springfield,Union,44.4,1.8,4.05,43.2,1.8,4.05,37.6,38.3,37.6,36.5,1.2,-0.7,1.1
3403971430,Summit,Union,40.2,1.3,3.23,37.9,1.3,3.23,37.6,38.3,37.6,36.5,2.3,-0.7,1.1
3403974480,Union,Union,41.9,1,2.39,39.1,1,2.39,37.6,38.3,37.6,36.5,2.8,-0.7,1.1
3403979040,Westfield,Union,41.3,0.9,2.18,40.7,0.9,2.18,37.6,38.3,37.6,36.5,0.6,-0.7,1.1
3403981650,Winfield,Union,42.8,1,2.34,38.1,1,2.34,37.6,38.3,37.6,36.5,4.7,-0.7,1.1
3404100670,Allamuchy,Warren,44.3,2.3,5.19,44,2.3,5.19,37.6,38.3,37.6,36.5,0.3,-0.7,1.1
3404101030,Alpha,Warren,45.5,3,6.59,39.7,3,6.59,37.6,38.3,37.6,36.5,5.8,-0.7,1.1
3404104990,Belvidere,Warren,39.8,2.8,7.04,40.3,2.8,7.04,37.6,38.3,37.6,36.5,-0.5,-0.7,1.1
3404106160,Blairstown,Warren,45.7,2.1,4.6,43.3,2.1,4.6,37.6,38.3,37.6,36.5,2.4,-0.7,1.1
3404124960,Franklin,Warren,46.9,3.4,7.25,43,3.4,7.25,37.6,38.3,37.6,36.5,3.9,-0.7,1.1
3404125320,Frelinghuysen,Warren,47.2,2.9,6.14,42.1,2.9,6.14,37.6,38.3,37.6,36.5,5.1,-0.7,1.1
3404128260,Greenwich,Warren,41.5,1,2.41,35.1,1,2.41,37.6,38.3,37.6,36.5,6.4,-0.7,1.1
3404128710,Hackettstown,Warren,35.8,1.4,3.91,35.4,1.4,3.91,37.6,38.3,37.6,36.5,0.4,-0.7,1.1
3404129820,Hardwick Township,Warren,48.4,2.2,4.55,40.6,2.2,4.55,37.6,38.3,37.6,36.5,7.8,-0.7,1.1
3404130090,Harmony,Warren,45.3,1.6,3.53,43.6,1.6,3.53,37.6,38.3,37.6,36.5,1.7,-0.7,1.1
3404133060,Hope,Warren,47.6,4,8.4,41.2,4,8.4,37.6,38.3,37.6,36.5,6.4,-0.7,1.1
3404133930,Independence,Warren,39.7,3.4,8.56,39.7,3.4,8.56,37.6,38.3,37.6,36.5,0,-0.7,1.1
3404137320,Knowlton Township,Warren,46.9,5,10.66,41.1,5,10.66,37.6,38.3,37.6,36.5,5.8,-0.7,1.1
3404140110,Liberty Township,Warren,42.3,6.6,15.6,39.6,6.6,15.6,37.6,38.3,37.6,36.5,2.7,-0.7,1.1
3404141490,Lopatcong,Warren,41.7,1.3,3.12,42,1.3,3.12,37.6,38.3,37.6,36.5,-0.3,-0.7,1.1
3404143320,Mansfield,Warren,43.8,2.2,5.02,38.1,2.2,5.02,37.6,38.3,37.6,36.5,5.7,-0.7,1.1
3404155530,Oxford,Warren,41.6,1.3,3.13,39.7,1.3,3.13,37.6,38.3,37.6,36.5,1.9,-0.7,1.1
3404158350,Phillipsburg,Warren,39.8,1.7,4.27,36.6,1.7,4.27,37.6,38.3,37.6,36.5,3.2,-0.7,1.1
3404159820,Pohatcong,Warren,38.4,4.4,11.46,41.1,4.4,11.46,37.6,38.3,37.6,36.5,-2.7,-0.7,1.1
3404177270,Washington Borough,Warren,38.9,3.7,9.51,38.8,3.7,9.51,37.6,38.3,37.6,36.5,0.1,-0.7,1.1
3404177300,Washington Township,Warren,46.2,1.3,2.81,43.1,1.3,2.81,37.6,38.3,37.6,36.5,3.1,-0.7,1.1
3404180570,White,Warren,54.8,5.3,9.67,51.4,5.3,9.67,37.6,38.3,37.6,36.5,3.4,-0.7,1.1