GEO.id,GEO.id2,GEO.display-label,HD01_VD01,HD02_VD01
Id,Id2,Geography,Estimate; Total,Margin of Error; Total
0600000US3400100000,3400100000,"County subdivisions not defined, Atlantic County, New Jersey",0,123
0600000US3400100100,3400100100,"Absecon city, Atlantic County, New Jersey",8179,22
0600000US3400102080,3400102080,"Atlantic City city, Atlantic County, New Jersey",39672,83
0600000US3400107810,3400107810,"Brigantine city, Atlantic County, New Jersey",12701,34
0600000US3400108680,3400108680,"Buena borough, Atlantic County, New Jersey",3749,24
0600000US3400108710,3400108710,"Buena Vista township, Atlantic County, New Jersey",7409,21
0600000US3400115160,3400115160,"Corbin City city, Atlantic County, New Jersey",553,109
0600000US3400120290,3400120290,"Egg Harbor township, Atlantic County, New Jersey",39162,46
0600000US3400120350,3400120350,"Egg Harbor City city, Atlantic County, New Jersey",4404,16
0600000US3400121870,3400121870,"Estell Manor city, Atlantic County, New Jersey",1539,182
0600000US3400123940,3400123940,"Folsom borough, Atlantic County, New Jersey",1804,101
0600000US3400125560,3400125560,"Galloway township, Atlantic County, New Jersey",36037,47
0600000US3400129280,3400129280,"Hamilton township, Atlantic County, New Jersey",24201,44
0600000US3400129430,3400129430,"Hammonton town, Atlantic County, New Jersey",13445,25
0600000US3400140530,3400140530,"Linwood city, Atlantic County, New Jersey",7256,22
0600000US3400141370,3400141370,"Longport borough, Atlantic County, New Jersey",1161,126
0600000US3400143890,3400143890,"Margate City city, Atlantic County, New Jersey",8525,20
0600000US3400149410,3400149410,"Mullica township, Atlantic County, New Jersey",6046,28
0600000US3400152950,3400152950,"Northfield city, Atlantic County, New Jersey",7911,23
0600000US3400159640,3400159640,"Pleasantville city, Atlantic County, New Jersey",18829,54
0600000US3400160600,3400160600,"Port Republic city, Atlantic County, New Jersey",996,165
0600000US3400168430,3400168430,"Somers Point city, Atlantic County, New Jersey",11409,67
0600000US3400175620,3400175620,"Ventnor City city, Atlantic County, New Jersey",12349,23
0600000US3400180330,3400180330,"Weymouth township, Atlantic County, New Jersey",2679,232
0600000US3400300700,3400300700,"Allendale borough, Bergen County, New Jersey",6600,34
0600000US3400301090,3400301090,"Alpine borough, Bergen County, New Jersey",2008,211
0600000US3400305170,3400305170,"Bergenfield borough, Bergen County, New Jersey",25575,37
0600000US3400306490,3400306490,"Bogota borough, Bergen County, New Jersey",7929,24
0600000US3400310480,3400310480,"Carlstadt borough, Bergen County, New Jersey",5962,29
0600000US3400313570,3400313570,"Cliffside Park borough, Bergen County, New Jersey",22677,61
0600000US3400313810,3400313810,"Closter borough, Bergen County, New Jersey",8608,73
0600000US3400315820,3400315820,"Cresskill borough, Bergen County, New Jersey",8434,22
0600000US3400317530,3400317530,"Demarest borough, Bergen County, New Jersey",5050,27
0600000US3400318400,3400318400,"Dumont borough, Bergen County, New Jersey",16988,31
0600000US3400319510,3400319510,"East Rutherford borough, Bergen County, New Jersey",8746,23
0600000US3400320020,3400320020,"Edgewater borough, Bergen County, New Jersey",9507,25
0600000US3400321300,3400321300,"Elmwood Park borough, Bergen County, New Jersey",18545,24
0600000US3400321450,3400321450,"Emerson borough, Bergen County, New Jersey",7264,50
0600000US3400321480,3400321480,"Englewood city, Bergen County, New Jersey",27829,70
0600000US3400321510,3400321510,"Englewood Cliffs borough, Bergen County, New Jersey",5724,22
0600000US3400322470,3400322470,"Fair Lawn borough, Bergen County, New Jersey",30570,37
0600000US3400322560,3400322560,"Fairview borough, Bergen County, New Jersey",13419,30
0600000US3400324420,3400324420,"Fort Lee borough, Bergen County, New Jersey",36235,33
0600000US3400324990,3400324990,"Franklin Lakes borough, Bergen County, New Jersey",11357,26
0600000US3400325770,3400325770,"Garfield city, Bergen County, New Jersey",29002,44
0600000US3400326640,3400326640,"Glen Rock borough, Bergen County, New Jersey",11151,34
0600000US3400328680,3400328680,"Hackensack city, Bergen County, New Jersey",42768,39
0600000US3400330150,3400330150,"Harrington Park borough, Bergen County, New Jersey",4840,27
0600000US3400330420,3400330420,"Hasbrouck Heights borough, Bergen County, New Jersey",11389,49
0600000US3400330540,3400330540,"Haworth borough, Bergen County, New Jersey",3382,18
0600000US3400331920,3400331920,"Hillsdale borough, Bergen County, New Jersey",9854,39
0600000US3400332310,3400332310,"Ho-Ho-Kus borough, Bergen County, New Jersey",4010,26
0600000US3400340020,3400340020,"Leonia borough, Bergen County, New Jersey",8619,21
0600000US3400340680,3400340680,"Little Ferry borough, Bergen County, New Jersey",10468,68
0600000US3400341100,3400341100,"Lodi borough, Bergen County, New Jersey",23793,54
0600000US3400342090,3400342090,"Lyndhurst township, Bergen County, New Jersey",19230,45
0600000US3400342750,3400342750,"Mahwah township, Bergen County, New Jersey",24108,38
0600000US3400344880,3400344880,"Maywood borough, Bergen County, New Jersey",9176,33
0600000US3400346110,3400346110,"Midland Park borough, Bergen County, New Jersey",6762,31
0600000US3400347610,3400347610,"Montvale borough, Bergen County, New Jersey",7353,29
0600000US3400347700,3400347700,"Moonachie borough, Bergen County, New Jersey",2765,22
0600000US3400351660,3400351660,"New Milford borough, Bergen County, New Jersey",15926,30
0600000US3400352320,3400352320,"North Arlington borough, Bergen County, New Jersey",14727,30
0600000US3400353430,3400353430,"Northvale borough, Bergen County, New Jersey",4593,22
0600000US3400353610,3400353610,"Norwood borough, Bergen County, New Jersey",6158,28
0600000US3400353850,3400353850,"Oakland borough, Bergen County, New Jersey",13282,31
0600000US3400354870,3400354870,"Old Tappan borough, Bergen County, New Jersey",5943,29
0600000US3400354990,3400354990,"Oradell borough, Bergen County, New Jersey",7790,20
0600000US3400355770,3400355770,"Palisades Park borough, Bergen County, New Jersey",19037,29
0600000US3400355950,3400355950,"Paramus borough, Bergen County, New Jersey",26055,46
0600000US3400356130,3400356130,"Park Ridge borough, Bergen County, New Jersey",8833,21
0600000US3400361680,3400361680,"Ramsey borough, Bergen County, New Jersey",14496,22
0600000US3400362910,3400362910,"Ridgefield borough, Bergen County, New Jersey",10812,25
0600000US3400362940,3400362940,"Ridgefield Park village, Bergen County, New Jersey",12407,29
0600000US3400363000,3400363000,"Ridgewood village, Bergen County, New Jersey",24181,26
0600000US3400363360,3400363360,"River Edge borough, Bergen County, New Jersey",10644,40
0600000US3400363690,3400363690,"River Vale township, Bergen County, New Jersey",9589,28
0600000US3400363990,3400363990,"Rochelle Park township, Bergen County, New Jersey",5957,19
0600000US3400364170,3400364170,"Rockleigh borough, Bergen County, New Jersey",603,220
0600000US3400365280,3400365280,"Rutherford borough, Bergen County, New Jersey",17506,35
0600000US3400365340,3400365340,"Saddle Brook township, Bergen County, New Jersey",13576,21
0600000US3400365400,3400365400,"Saddle River borough, Bergen County, New Jersey",3747,23
0600000US3400368970,3400368970,"South Hackensack township, Bergen County, New Jersey",2428,214
0600000US3400372360,3400372360,"Teaneck township, Bergen County, New Jersey",38713,36
0600000US3400372420,3400372420,"Tenafly borough, Bergen County, New Jersey",14324,22
0600000US3400372480,3400372480,"Teterboro borough, Bergen County, New Jersey",64,55
0600000US3400375140,3400375140,"Upper Saddle River borough, Bergen County, New Jersey",8386,33
0600000US3400376400,3400376400,"Waldwick borough, Bergen County, New Jersey",9477,22
0600000US3400376490,3400376490,"Wallington borough, Bergen County, New Jersey",11244,24
0600000US3400377135,3400377135,"Washington township, Bergen County, New Jersey",9486,25
0600000US3400380270,3400380270,"Westwood borough, Bergen County, New Jersey",10711,22
0600000US3400382300,3400382300,"Woodcliff Lake borough, Bergen County, New Jersey",5865,30
0600000US3400382570,3400382570,"Wood-Ridge borough, Bergen County, New Jersey",7453,19
0600000US3400383050,3400383050,"Wyckoff township, Bergen County, New Jersey",16836,42
0600000US3400503370,3400503370,"Bass River township, Burlington County, New Jersey",1186,495
0600000US3400505740,3400505740,"Beverly city, Burlington County, New Jersey",2597,27
0600000US3400506670,3400506670,"Bordentown city, Burlington County, New Jersey",3881,16
0600000US3400506700,3400506700,"Bordentown township, Burlington County, New Jersey",10191,32
0600000US3400508920,3400508920,"Burlington city, Burlington County, New Jersey",9540,40
0600000US3400508950,3400508950,"Burlington township, Burlington County, New Jersey",21446,41
0600000US3400512670,3400512670,"Chesterfield township, Burlington County, New Jersey",6974,32
0600000US3400512940,3400512940,"Cinnaminson township, Burlington County, New Jersey",15288,28
0600000US3400517080,3400517080,"Delanco township, Burlington County, New Jersey",4384,28
0600000US3400517440,3400517440,"Delran township, Burlington County, New Jersey",16949,30
0600000US3400518790,3400518790,"Eastampton township, Burlington County, New Jersey",6573,33
0600000US3400520050,3400520050,"Edgewater Park township, Burlington County, New Jersey",7822,65
0600000US3400522110,3400522110,"Evesham township, Burlington County, New Jersey",45770,48
0600000US3400523250,3400523250,"Fieldsboro borough, Burlington County, New Jersey",657,291
0600000US3400523850,3400523850,"Florence township, Burlington County, New Jersey",11433,33
0600000US3400529010,3400529010,"Hainesport township, Burlington County, New Jersey",6009,20
0600000US3400542060,3400542060,"Lumberton township, Burlington County, New Jersey",12114,40
0600000US3400543290,3400543290,"Mansfield township, Burlington County, New Jersey",7927,28
0600000US3400543740,3400543740,"Maple Shade township, Burlington County, New Jersey",19251,56
0600000US3400545120,3400545120,"Medford township, Burlington County, New Jersey",22950,23
0600000US3400545210,3400545210,"Medford Lakes borough, Burlington County, New Jersey",4130,18
0600000US3400547880,3400547880,"Moorestown township, Burlington County, New Jersey",19646,45
0600000US3400548900,3400548900,"Mount Holly township, Burlington County, New Jersey",10389,26
0600000US3400549020,3400549020,"Mount Laurel township, Burlington County, New Jersey",39658,49
0600000US3400551510,3400551510,"New Hanover township, Burlington County, New Jersey",9451,44
0600000US3400553070,3400553070,"North Hanover township, Burlington County, New Jersey",7424,31
0600000US3400555800,3400555800,"Palmyra borough, Burlington County, New Jersey",7438,23
0600000US3400557480,3400557480,"Pemberton borough, Burlington County, New Jersey",1369,479
0600000US3400557510,3400557510,"Pemberton township, Burlington County, New Jersey",28311,39
0600000US3400563510,3400563510,"Riverside township, Burlington County, New Jersey",7798,24
0600000US3400563660,3400563660,"Riverton borough, Burlington County, New Jersey",2675,28
0600000US3400566810,3400566810,"Shamong township, Burlington County, New Jersey",6768,21
0600000US3400568610,3400568610,"Southampton township, Burlington County, New Jersey",10882,20
0600000US3400569990,3400569990,"Springfield township, Burlington County, New Jersey",3498,21
0600000US3400572060,3400572060,"Tabernacle township, Burlington County, New Jersey",7216,18
0600000US3400577150,3400577150,"Washington township, Burlington County, New Jersey",1781,1628
0600000US3400578200,3400578200,"Westampton township, Burlington County, New Jersey",8627,31
0600000US3400581440,3400581440,"Willingboro township, Burlington County, New Jersey",34998,26
0600000US3400582420,3400582420,"Woodland township, Burlington County, New Jersey",842,349
0600000US3400582960,3400582960,"Wrightstown borough, Burlington County, New Jersey",458,216
0600000US3400702200,3400702200,"Audubon borough, Camden County, New Jersey",8944,29
0600000US3400702230,3400702230,"Audubon Park borough, Camden County, New Jersey",1062,60
0600000US3400703250,3400703250,"Barrington borough, Camden County, New Jersey",6974,20
0600000US3400704750,3400704750,"Bellmawr borough, Camden County, New Jersey",11177,25
0600000US3400705440,3400705440,"Berlin borough, Camden County, New Jersey",7901,20
0600000US3400705470,3400705470,"Berlin township, Camden County, New Jersey",5400,19
0600000US3400708170,3400708170,"Brooklawn borough, Camden County, New Jersey",2129,166
0600000US3400710000,3400710000,"Camden city, Camden County, New Jersey",79263,63
0600000US3400712280,3400712280,"Cherry Hill township, Camden County, New Jersey",71061,62
0600000US3400712550,3400712550,"Chesilhurst borough, Camden County, New Jersey",1499,130
0600000US3400713420,3400713420,"Clementon borough, Camden County, New Jersey",4908,18
0600000US3400714260,3400714260,"Collingswood borough, Camden County, New Jersey",13928,27
0600000US3400726070,3400726070,"Gibbsboro borough, Camden County, New Jersey",2616,165
0600000US3400726760,3400726760,"Gloucester township, Camden County, New Jersey",65007,52
0600000US3400726820,3400726820,"Gloucester City city, Camden County, New Jersey",11532,27
0600000US3400728740,3400728740,"Haddon township, Camden County, New Jersey",14408,37
0600000US3400728770,3400728770,"Haddonfield borough, Camden County, New Jersey",11489,24
0600000US3400728800,3400728800,"Haddon Heights borough, Camden County, New Jersey",7471,20
0600000US3400732220,3400732220,"Hi-Nella borough, Camden County, New Jersey",1027,89
0600000US3400739210,3400739210,"Laurel Springs borough, Camden County, New Jersey",2294,134
0600000US3400739420,3400739420,"Lawnside borough, Camden County, New Jersey",2817,23
0600000US3400740440,3400740440,"Lindenwold borough, Camden County, New Jersey",17377,40
0600000US3400742630,3400742630,"Magnolia borough, Camden County, New Jersey",4354,27
0600000US3400745510,3400745510,"Merchantville borough, Camden County, New Jersey",3779,32
0600000US3400748750,3400748750,"Mount Ephraim borough, Camden County, New Jersey",4415,31
0600000US3400753880,3400753880,"Oaklyn borough, Camden County, New Jersey",4071,32
0600000US3400757660,3400757660,"Pennsauken township, Camden County, New Jersey",35160,44
0600000US3400758770,3400758770,"Pine Hill borough, Camden County, New Jersey",11291,22
0600000US3400758920,3400758920,"Pine Valley borough, Camden County, New Jersey",17,20
0600000US3400765160,3400765160,"Runnemede borough, Camden County, New Jersey",8446,20
0600000US3400768340,3400768340,"Somerdale borough, Camden County, New Jersey",5115,24
0600000US3400771220,3400771220,"Stratford borough, Camden County, New Jersey",7088,27
0600000US3400772240,3400772240,"Tavistock borough, Camden County, New Jersey",22,24
0600000US3400776220,3400776220,"Voorhees township, Camden County, New Jersey",30788,46
0600000US3400777630,3400777630,"Waterford township, Camden County, New Jersey",10658,23
0600000US3400781740,3400781740,"Winslow township, Camden County, New Jersey",38751,39
0600000US3400782450,3400782450,"Woodlynne borough, Camden County, New Jersey",2698,41
0600000US3400900000,3400900000,"County subdivisions not defined, Cape May County, New Jersey",0,123
0600000US3400902320,3400902320,"Avalon borough, Cape May County, New Jersey",1965,195
0600000US3400910270,3400910270,"Cape May city, Cape May County, New Jersey",3731,35
0600000US3400910330,3400910330,"Cape May Point borough, Cape May County, New Jersey",132,39
0600000US3400917560,3400917560,"Dennis township, Cape May County, New Jersey",5860,16
0600000US3400941610,3400941610,"Lower township, Cape May County, New Jersey",20612,27
0600000US3400945810,3400945810,"Middle township, Cape May County, New Jersey",16409,36
0600000US3400953490,3400953490,"North Wildwood city, Cape May County, New Jersey",4812,19
0600000US3400954360,3400954360,"Ocean City city, Cape May County, New Jersey",14967,22
0600000US3400966390,3400966390,"Sea Isle City city, Cape May County, New Jersey",2932,16
0600000US3400971010,3400971010,"Stone Harbor borough, Cape May County, New Jersey",956,186
0600000US3400974810,3400974810,"Upper township, Cape May County, New Jersey",11256,19
0600000US3400978530,3400978530,"West Cape May borough, Cape May County, New Jersey",1018,148
0600000US3400980210,3400980210,"West Wildwood borough, Cape May County, New Jersey",544,129
0600000US3400981170,3400981170,"Wildwood city, Cape May County, New Jersey",5250,38
0600000US3400981200,3400981200,"Wildwood Crest borough, Cape May County, New Jersey",3987,16
0600000US3400981890,3400981890,"Woodbine borough, Cape May County, New Jersey",2696,285
0600000US3401100000,3401100000,"County subdivisions not defined, Cumberland County, New Jersey",0,123
0600000US3401107600,3401107600,"Bridgeton city, Cumberland County, New Jersey",24438,35
0600000US3401114710,3401114710,"Commercial township, Cumberland County, New Jersey",5390,19
0600000US3401116900,3401116900,"Deerfield township, Cumberland County, New Jersey",3229,18
0600000US3401118220,3401118220,"Downe township, Cumberland County, New Jersey",1756,171
0600000US3401122350,3401122350,"Fairfield township, Cumberland County, New Jersey",6774,37
0600000US3401128170,3401128170,"Greenwich township, Cumberland County, New Jersey",805,103
0600000US3401133120,3401133120,"Hopewell township, Cumberland County, New Jersey",4767,28
0600000US3401139450,3401139450,"Lawrence township, Cumberland County, New Jersey",2933,48
0600000US3401144580,3401144580,"Maurice River township, Cumberland County, New Jersey",8099,17
0600000US3401146680,3401146680,"Millville city, Cumberland County, New Jersey",28397,29
0600000US3401167020,3401167020,"Shiloh borough, Cumberland County, New Jersey",554,140
0600000US3401171160,3401171160,"Stow Creek township, Cumberland County, New Jersey",1631,156
0600000US3401174870,3401174870,"Upper Deerfield township, Cumberland County, New Jersey",8067,28
0600000US3401176070,3401176070,"Vineland city, Cumberland County, New Jersey",58426,35
0600000US3401304695,3401304695,"Belleville township, Essex County, New Jersey",33957,36
0600000US3401306260,3401306260,"Bloomfield township, Essex County, New Jersey",44269,33
0600000US3401309250,3401309250,"Caldwell borough, Essex County, New Jersey",7202,19
0600000US3401311200,3401311200,"Cedar Grove township, Essex County, New Jersey",12603,41
0600000US3401313045,3401313045,"City of Orange township, Essex County, New Jersey",31165,30
0600000US3401319390,3401319390,"East Orange city, Essex County, New Jersey",65785,43
0600000US3401321840,3401321840,"Essex Fells borough, Essex County, New Jersey",2050,119
0600000US3401322385,3401322385,"Fairfield township, Essex County, New Jersey",7502,36
0600000US3401326610,3401326610,"Glen Ridge borough, Essex County, New Jersey",6755,37
0600000US3401334450,3401334450,"Irvington township, Essex County, New Jersey",56715,28
0600000US3401340890,3401340890,"Livingston township, Essex County, New Jersey",27597,28
0600000US3401343800,3401343800,"Maplewood township, Essex County, New Jersey",22236,26
0600000US3401346380,3401346380,"Millburn township, Essex County, New Jersey",18694,28
0600000US3401347500,3401347500,"Montclair township, Essex County, New Jersey",36945,84
0600000US3401351000,3401351000,"Newark city, Essex County, New Jersey",277070,53
0600000US3401352620,3401352620,"North Caldwell borough, Essex County, New Jersey",7086,28
0600000US3401353680,3401353680,"Nutley township, Essex County, New Jersey",26355,88
0600000US3401364590,3401364590,"Roseland borough, Essex County, New Jersey",5329,119
0600000US3401369274,3401369274,"South Orange Village township, Essex County, New Jersey",16091,34
0600000US3401375815,3401375815,"Verona township, Essex County, New Jersey",12635,27
0600000US3401378510,3401378510,"West Caldwell township, Essex County, New Jersey",10530,20
0600000US3401379800,3401379800,"West Orange township, Essex County, New Jersey",42782,90
0600000US3401513360,3401513360,"Clayton borough, Gloucester County, New Jersey",7512,19
0600000US3401517710,3401517710,"Deptford township, Gloucester County, New Jersey",30338,42
0600000US3401519180,3401519180,"East Greenwich township, Gloucester County, New Jersey",7279,32
0600000US3401521060,3401521060,"Elk township, Gloucester County, New Jersey",3900,50
0600000US3401524840,3401524840,"Franklin township, Gloucester County, New Jersey",17050,41
0600000US3401526340,3401526340,"Glassboro borough, Gloucester County, New Jersey",19560,36
0600000US3401528185,3401528185,"Greenwich township, Gloucester County, New Jersey",4991,36
0600000US3401530180,3401530180,"Harrison township, Gloucester County, New Jersey",12053,19
0600000US3401541160,3401541160,"Logan township, Gloucester County, New Jersey",6216,24
0600000US3401543440,3401543440,"Mantua township, Gloucester County, New Jersey",15135,19
0600000US3401547250,3401547250,"Monroe township, Gloucester County, New Jersey",32464,32
0600000US3401549680,3401549680,"National Park borough, Gloucester County, New Jersey",3228,17
0600000US3401551390,3401551390,"Newfield borough, Gloucester County, New Jersey",1617,114
0600000US3401557150,3401557150,"Paulsboro borough, Gloucester County, New Jersey",6085,22
0600000US3401559070,3401559070,"Pitman borough, Gloucester County, New Jersey",9233,31
0600000US3401569030,3401569030,"South Harrison township, Gloucester County, New Jersey",3052,25
0600000US3401571850,3401571850,"Swedesboro borough, Gloucester County, New Jersey",2328,155
0600000US3401577180,3401577180,"Washington township, Gloucester County, New Jersey",51909,35
0600000US3401578110,3401578110,"Wenonah borough, Gloucester County, New Jersey",2251,127
0600000US3401578800,3401578800,"West Deptford township, Gloucester County, New Jersey",21719,68
0600000US3401580120,3401580120,"Westville borough, Gloucester County, New Jersey",4471,30
0600000US3401582120,3401582120,"Woodbury city, Gloucester County, New Jersey",10420,50
0600000US3401582180,3401582180,"Woodbury Heights borough, Gloucester County, New Jersey",3035,23
0600000US3401582840,3401582840,"Woolwich township, Gloucester County, New Jersey",8706,26
0600000US3401703580,3401703580,"Bayonne city, Hudson County, New Jersey",58004,53
0600000US3401719360,3401719360,"East Newark borough, Hudson County, New Jersey",2249,207
0600000US3401728650,3401728650,"Guttenberg town, Hudson County, New Jersey",10478,212
0600000US3401730210,3401730210,"Harrison town, Hudson County, New Jersey",14369,25
0600000US3401732250,3401732250,"Hoboken city, Hudson County, New Jersey",39978,51
0600000US3401736000,3401736000,"Jersey City city, Hudson County, New Jersey",239127,109
0600000US3401736510,3401736510,"Kearny town, Hudson County, New Jersey",37163,28
0600000US3401752470,3401752470,"North Bergen township, Hudson County, New Jersey",55715,30
0600000US3401766570,3401766570,"Secaucus town, Hudson County, New Jersey",15408,49
0600000US3401774630,3401774630,"Union City city, Hudson County, New Jersey",62629,49
0600000US3401777930,3401777930,"Weehawken township, Hudson County, New Jersey",12437,34
0600000US3401779610,3401779610,"West New York town, Hudson County, New Jersey",46058,57
0600000US3401900550,3401900550,"Alexandria township, Hunterdon County, New Jersey",5072,19
0600000US3401905650,3401905650,"Bethlehem township, Hunterdon County, New Jersey",3952,20
0600000US3401906370,3401906370,"Bloomsbury borough, Hunterdon County, New Jersey",773,132
0600000US3401909280,3401909280,"Califon borough, Hunterdon County, New Jersey",1361,186
0600000US3401913720,3401913720,"Clinton town, Hunterdon County, New Jersey",2570,25
0600000US3401913750,3401913750,"Clinton township, Hunterdon County, New Jersey",13887,37
0600000US3401917170,3401917170,"Delaware township, Hunterdon County, New Jersey",4689,18
0600000US3401918820,3401918820,"East Amwell township, Hunterdon County, New Jersey",4491,21
0600000US3401923700,3401923700,"Flemington borough, Hunterdon County, New Jersey",4268,29
0600000US3401924870,3401924870,"Franklin township, Hunterdon County, New Jersey",3172,16
0600000US3401925350,3401925350,"Frenchtown borough, Hunterdon County, New Jersey",1433,226
0600000US3401926550,3401926550,"Glen Gardner borough, Hunterdon County, New Jersey",2000,195
0600000US3401929460,3401929460,"Hampton borough, Hunterdon County, New Jersey",1909,176
0600000US3401931320,3401931320,"High Bridge borough, Hunterdon County, New Jersey",3702,33
0600000US3401932460,3401932460,"Holland township, Hunterdon County, New Jersey",5252,21
0600000US3401937065,3401937065,"Kingwood township, Hunterdon County, New Jersey",4026,18
0600000US3401938610,3401938610,"Lambertville city, Hunterdon County, New Jersey",3781,16
0600000US3401939630,3401939630,"Lebanon borough, Hunterdon County, New Jersey",1267,112
0600000US3401939660,3401939660,"Lebanon township, Hunterdon County, New Jersey",6225,15
0600000US3401946260,3401946260,"Milford borough, Hunterdon County, New Jersey",1313,206
0600000US3401961920,3401961920,"Raritan township, Hunterdon County, New Jersey",22456,26
0600000US3401962250,3401962250,"Readington township, Hunterdon County, New Jersey",16149,54
0600000US3401970980,3401970980,"Stockton borough, Hunterdon County, New Jersey",558,108
0600000US3401972510,3401972510,"Tewksbury township, Hunterdon County, New Jersey",6040,15
0600000US3401974420,3401974420,"Union township, Hunterdon County, New Jersey",6250,18
0600000US3401978230,3401978230,"West Amwell township, Hunterdon County, New Jersey",2921,24
0600000US3402119780,3402119780,"East Windsor township, Mercer County, New Jersey",26713,45
0600000US3402122185,3402122185,"Ewing township, Mercer County, New Jersey",36331,33
0600000US3402129310,3402129310,"Hamilton township, Mercer County, New Jersey",89767,63
0600000US3402131620,3402131620,"Hightstown borough, Mercer County, New Jersey",5259,24
0600000US3402133150,3402133150,"Hopewell borough, Mercer County, New Jersey",1964,123
0600000US3402133180,3402133180,"Hopewell township, Mercer County, New Jersey",17696,24
0600000US3402139510,3402139510,"Lawrence township, Mercer County, New Jersey",31528,53
0600000US3402157600,3402157600,"Pennington borough, Mercer County, New Jersey",2688,121
0600000US3402160900,3402160900,"Princeton borough, Mercer County, New Jersey",13459,32
0600000US3402160915,3402160915,"Princeton township, Mercer County, New Jersey",17273,32
0600000US3402163850,3402163850,"Robbinsville township, Mercer County, New Jersey",11894,21
0600000US3402174000,3402174000,"Trenton city, Mercer County, New Jersey",83066,37
0600000US3402180240,3402180240,"West Windsor township, Mercer County, New Jersey",26140,37
0600000US3402310750,3402310750,"Carteret borough, Middlesex County, New Jersey",22512,57
0600000US3402315550,3402315550,"Cranbury township, Middlesex County, New Jersey",3912,129
0600000US3402318490,3402318490,"Dunellen borough, Middlesex County, New Jersey",6940,23
0600000US3402319000,3402319000,"East Brunswick township, Middlesex County, New Jersey",47148,31
0600000US3402320230,3402320230,"Edison township, Middlesex County, New Jersey",98996,61
0600000US3402330840,3402330840,"Helmetta borough, Middlesex County, New Jersey",1978,125
0600000US3402331470,3402331470,"Highland Park borough, Middlesex County, New Jersey",14107,61
0600000US3402334890,3402334890,"Jamesburg borough, Middlesex County, New Jersey",6348,36
0600000US3402345690,3402345690,"Metuchen borough, Middlesex County, New Jersey",13070,29
0600000US3402345900,3402345900,"Middlesex borough, Middlesex County, New Jersey",13604,44
0600000US3402346620,3402346620,"Milltown borough, Middlesex County, New Jersey",6952,26
0600000US3402347280,3402347280,"Monroe township, Middlesex County, New Jersey",35605,29
0600000US3402351210,3402351210,"New Brunswick city, Middlesex County, New Jersey",50326,53
0600000US3402352560,3402352560,"North Brunswick township, Middlesex County, New Jersey",39333,32
0600000US3402354705,3402354705,"Old Bridge township, Middlesex County, New Jersey",65029,43
0600000US3402358200,3402358200,"Perth Amboy city, Middlesex County, New Jersey",48343,39
0600000US3402359010,3402359010,"Piscataway township, Middlesex County, New Jersey",52112,90
0600000US3402359280,3402359280,"Plainsboro township, Middlesex County, New Jersey",21012,35
0600000US3402365790,3402365790,"Sayreville borough, Middlesex County, New Jersey",42104,61
0600000US3402368550,3402368550,"South Amboy city, Middlesex County, New Jersey",7768,23
0600000US3402368790,3402368790,"South Brunswick township, Middlesex County, New Jersey",40485,34
0600000US3402369390,3402369390,"South Plainfield borough, Middlesex County, New Jersey",22569,56
0600000US3402369420,3402369420,"South River borough, Middlesex County, New Jersey",15662,26
0600000US3402369810,3402369810,"Spotswood borough, Middlesex County, New Jersey",8120,31
0600000US3402382000,3402382000,"Woodbridge township, Middlesex County, New Jersey",97922,39
0600000US3402500000,3402500000,"County subdivisions not defined, Monmouth County, New Jersey",0,123
0600000US3402500070,3402500070,"Aberdeen township, Monmouth County, New Jersey",18486,26
0600000US3402500730,3402500730,"Allenhurst borough, Monmouth County, New Jersey",582,87
0600000US3402500760,3402500760,"Allentown borough, Monmouth County, New Jersey",1944,110
0600000US3402501960,3402501960,"Asbury Park city, Monmouth County, New Jersey",16652,30
0600000US3402502110,3402502110,"Atlantic Highlands borough, Monmouth County, New Jersey",4626,27
0600000US3402502440,3402502440,"Avon-by-the-Sea borough, Monmouth County, New Jersey",2270,212
0600000US3402504930,3402504930,"Belmar borough, Monmouth County, New Jersey",5944,26
0600000US3402506970,3402506970,"Bradley Beach borough, Monmouth County, New Jersey",4867,14
0600000US3402507750,3402507750,"Brielle borough, Monmouth County, New Jersey",4898,18
0600000US3402514560,3402514560,"Colts Neck township, Monmouth County, New Jersey",10113,37
0600000US3402516660,3402516660,"Deal borough, Monmouth County, New Jersey",1147,153
0600000US3402519840,3402519840,"Eatontown borough, Monmouth County, New Jersey",14207,32
0600000US3402521570,3402521570,"Englishtown borough, Monmouth County, New Jersey",1920,126
0600000US3402522440,3402522440,"Fair Haven borough, Monmouth County, New Jersey",5945,20
0600000US3402522950,3402522950,"Farmingdale borough, Monmouth County, New Jersey",1511,79
0600000US3402525200,3402525200,"Freehold borough, Monmouth County, New Jersey",11473,31
0600000US3402525230,3402525230,"Freehold township, Monmouth County, New Jersey",34502,30
0600000US3402530690,3402530690,"Hazlet township, Monmouth County, New Jersey",21072,28
0600000US3402531500,3402531500,"Highlands borough, Monmouth County, New Jersey",5295,16
0600000US3402532640,3402532640,"Holmdel township, Monmouth County, New Jersey",16931,28
0600000US3402533300,3402533300,"Howell township, Monmouth County, New Jersey",51272,69
0600000US3402534200,3402534200,"Interlaken borough, Monmouth County, New Jersey",893,65
0600000US3402536480,3402536480,"Keansburg borough, Monmouth County, New Jersey",10611,20
0600000US3402536810,3402536810,"Keyport borough, Monmouth County, New Jersey",7521,20
0600000US3402537560,3402537560,"Lake Como borough, Monmouth County, New Jersey",1861,185
0600000US3402540770,3402540770,"Little Silver borough, Monmouth County, New Jersey",6160,24
0600000US3402541010,3402541010,"Loch Arbour village, Monmouth County, New Jersey",279,64
0600000US3402541310,3402541310,"Long Branch city, Monmouth County, New Jersey",32566,31
0600000US3402542990,3402542990,"Manalapan township, Monmouth County, New Jersey",38350,29
0600000US3402543050,3402543050,"Manasquan borough, Monmouth County, New Jersey",6270,21
0600000US3402544070,3402544070,"Marlboro township, Monmouth County, New Jersey",40378,32
0600000US3402544520,3402544520,"Matawan borough, Monmouth County, New Jersey",8909,58
0600000US3402545990,3402545990,"Middletown township, Monmouth County, New Jersey",66708,55
0600000US3402546560,3402546560,"Millstone township, Monmouth County, New Jersey",10188,23
0600000US3402547130,3402547130,"Monmouth Beach borough, Monmouth County, New Jersey",3601,27
0600000US3402549890,3402549890,"Neptune township, Monmouth County, New Jersey",28416,60
0600000US3402549920,3402549920,"Neptune City borough, Monmouth County, New Jersey",5162,28
0600000US3402554270,3402554270,"Ocean township, Monmouth County, New Jersey",28022,42
0600000US3402554570,3402554570,"Oceanport borough, Monmouth County, New Jersey",5780,20
0600000US3402562430,3402562430,"Red Bank borough, Monmouth County, New Jersey",11922,27
0600000US3402564410,3402564410,"Roosevelt borough, Monmouth County, New Jersey",950,92
0600000US3402565130,3402565130,"Rumson borough, Monmouth County, New Jersey",7267,33
0600000US3402566240,3402566240,"Sea Bright borough, Monmouth County, New Jersey",1586,178
0600000US3402566330,3402566330,"Sea Girt borough, Monmouth County, New Jersey",2051,141
0600000US3402567350,3402567350,"Shrewsbury borough, Monmouth County, New Jersey",3765,20
0600000US3402567365,3402567365,"Shrewsbury township, Monmouth County, New Jersey",1126,88
0600000US3402570110,3402570110,"Spring Lake borough, Monmouth County, New Jersey",3529,16
0600000US3402570140,3402570140,"Spring Lake Heights borough, Monmouth County, New Jersey",5154,18
0600000US3402573020,3402573020,"Tinton Falls borough, Monmouth County, New Jersey",19293,75
0600000US3402574540,3402574540,"Union Beach borough, Monmouth County, New Jersey",6669,18
0600000US3402574900,3402574900,"Upper Freehold township, Monmouth County, New Jersey",6736,22
0600000US3402576460,3402576460,"Wall township, Monmouth County, New Jersey",26226,34
0600000US3402579310,3402579310,"West Long Branch borough, Monmouth County, New Jersey",8378,26
0600000US3402706610,3402706610,"Boonton town, Morris County, New Jersey",8451,35
0600000US3402706640,3402706640,"Boonton township, Morris County, New Jersey",4397,22
0600000US3402709040,3402709040,"Butler borough, Morris County, New Jersey",8038,26
0600000US3402712100,3402712100,"Chatham borough, Morris County, New Jersey",8241,22
0600000US3402712130,3402712130,"Chatham township, Morris County, New Jersey",10125,38
0600000US3402712580,3402712580,"Chester borough, Morris County, New Jersey",1422,102
0600000US3402712610,3402712610,"Chester township, Morris County, New Jersey",7741,25
0600000US3402717650,3402717650,"Denville township, Morris County, New Jersey",16420,25
0600000US3402718070,3402718070,"Dover town, Morris County, New Jersey",17961,31
0600000US3402719210,3402719210,"East Hanover township, Morris County, New Jersey",11409,23
0600000US3402723910,3402723910,"Florham Park borough, Morris County, New Jersey",12401,26
0600000US3402729550,3402729550,"Hanover township, Morris County, New Jersey",13591,31
0600000US3402729700,3402729700,"Harding township, Morris County, New Jersey",3302,17
0600000US3402734980,3402734980,"Jefferson township, Morris County, New Jersey",21538,28
0600000US3402737110,3402737110,"Kinnelon borough, Morris County, New Jersey",9546,24
0600000US3402740290,3402740290,"Lincoln Park borough, Morris County, New Jersey",10668,27
0600000US3402741362,3402741362,"Long Hill township, Morris County, New Jersey",8629,22
0600000US3402742510,3402742510,"Madison borough, Morris County, New Jersey",15789,23
0600000US3402745330,3402745330,"Mendham borough, Morris County, New Jersey",5077,32
0600000US3402745360,3402745360,"Mendham township, Morris County, New Jersey",5516,26
0600000US3402746860,3402746860,"Mine Hill township, Morris County, New Jersey",3598,17
0600000US3402747670,3402747670,"Montville township, Morris County, New Jersey",21077,26
0600000US3402748090,3402748090,"Morris township, Morris County, New Jersey",21287,32
0600000US3402748210,3402748210,"Morris Plains borough, Morris County, New Jersey",5889,31
0600000US3402748300,3402748300,"Morristown town, Morris County, New Jersey",18650,28
0600000US3402748480,3402748480,"Mountain Lakes borough, Morris County, New Jersey",4272,20
0600000US3402748690,3402748690,"Mount Arlington borough, Morris County, New Jersey",5595,26
0600000US3402749080,3402749080,"Mount Olive township, Morris County, New Jersey",25802,28
0600000US3402750130,3402750130,"Netcong borough, Morris County, New Jersey",3241,42
0600000US3402756460,3402756460,"Parsippany-Troy Hills township, Morris County, New Jersey",50508,39
0600000US3402758110,3402758110,"Pequannock township, Morris County, New Jersey",16423,19
0600000US3402761890,3402761890,"Randolph township, Morris County, New Jersey",25244,43
0600000US3402763300,3402763300,"Riverdale borough, Morris County, New Jersey",2924,33
0600000US3402764050,3402764050,"Rockaway borough, Morris County, New Jersey",6288,25
0600000US3402764080,3402764080,"Rockaway township, Morris County, New Jersey",25313,45
0600000US3402764980,3402764980,"Roxbury township, Morris County, New Jersey",23247,38
0600000US3402775890,3402775890,"Victory Gardens borough, Morris County, New Jersey",1726,105
0600000US3402777240,3402777240,"Washington township, Morris County, New Jersey",18384,28
0600000US3402780390,3402780390,"Wharton borough, Morris County, New Jersey",6098,20
0600000US3402900000,3402900000,"County subdivisions not defined, Ocean County, New Jersey",0,123
0600000US3402903050,3402903050,"Barnegat township, Ocean County, New Jersey",21618,52
0600000US3402903130,3402903130,"Barnegat Light borough, Ocean County, New Jersey",585,203
0600000US3402903520,3402903520,"Bay Head borough, Ocean County, New Jersey",1278,132
0600000US3402903940,3402903940,"Beach Haven borough, Ocean County, New Jersey",1643,210
0600000US3402904180,3402904180,"Beachwood borough, Ocean County, New Jersey",10794,24
0600000US3402905305,3402905305,"Berkeley township, Ocean County, New Jersey",42657,39
0600000US3402907420,3402907420,"Brick township, Ocean County, New Jersey",78321,34
0600000US3402918670,3402918670,"Eagleswood township, Ocean County, New Jersey",1707,140
0600000US3402930390,3402930390,"Harvey Cedars borough, Ocean County, New Jersey",573,109
0600000US3402934530,3402934530,"Island Heights borough, Ocean County, New Jersey",1506,155
0600000US3402934680,3402934680,"Jackson township, Ocean County, New Jersey",52497,31
0600000US3402937380,3402937380,"Lacey township, Ocean County, New Jersey",26323,40
0600000US3402937770,3402937770,"Lakehurst borough, Ocean County, New Jersey",2698,22
0600000US3402938550,3402938550,"Lakewood township, Ocean County, New Jersey",70046,58
0600000US3402939390,3402939390,"Lavallette borough, Ocean County, New Jersey",2754,17
0600000US3402940560,3402940560,"Little Egg Harbor township, Ocean County, New Jersey",20368,64
0600000US3402941250,3402941250,"Long Beach township, Ocean County, New Jersey",3514,33
0600000US3402943140,3402943140,"Manchester township, Ocean County, New Jersey",41780,38
0600000US3402943380,3402943380,"Mantoloking borough, Ocean County, New Jersey",403,69
0600000US3402954300,3402954300,"Ocean township, Ocean County, New Jersey",8545,26
0600000US3402954450,3402954450,"Ocean Gate borough, Ocean County, New Jersey",1886,237
0600000US3402958590,3402958590,"Pine Beach borough, Ocean County, New Jersey",2278,171
0600000US3402959790,3402959790,"Plumsted township, Ocean County, New Jersey",8188,44
0600000US3402959880,3402959880,"Point Pleasant borough, Ocean County, New Jersey",20022,22
0600000US3402959910,3402959910,"Point Pleasant Beach borough, Ocean County, New Jersey",5406,31
0600000US3402966450,3402966450,"Seaside Heights borough, Ocean County, New Jersey",3295,15
0600000US3402966480,3402966480,"Seaside Park borough, Ocean County, New Jersey",2339,415
0600000US3402967110,3402967110,"Ship Bottom borough, Ocean County, New Jersey",1412,178
0600000US3402969510,3402969510,"South Toms River borough, Ocean County, New Jersey",3710,23
0600000US3402970320,3402970320,"Stafford township, Ocean County, New Jersey",26248,59
0600000US3402971640,3402971640,"Surf City borough, Ocean County, New Jersey",1717,218
0600000US3402973125,3402973125,"Toms River township, Ocean County, New Jersey",95462,42
0600000US3402974210,3402974210,"Tuckerton borough, Ocean County, New Jersey",3855,18
0600000US3403106340,3403106340,"Bloomingdale borough, Passaic County, New Jersey",7435,50
0600000US3403113690,3403113690,"Clifton city, Passaic County, New Jersey",78049,65
0600000US3403129070,3403129070,"Haledon borough, Passaic County, New Jersey",8396,53
0600000US3403130570,3403130570,"Hawthorne borough, Passaic County, New Jersey",17909,26
0600000US3403140620,3403140620,"Little Falls township, Passaic County, New Jersey",11622,22
0600000US3403153040,3403153040,"North Haledon borough, Passaic County, New Jersey",8863,24
0600000US3403156550,3403156550,"Passaic city, Passaic County, New Jersey",66757,49
0600000US3403157000,3403157000,"Paterson city, Passaic County, New Jersey",145744,50
0600000US3403160090,3403160090,"Pompton Lakes borough, Passaic County, New Jersey",11005,32
0600000US3403161170,3403161170,"Prospect Park borough, Passaic County, New Jersey",5601,24
0600000US3403163150,3403163150,"Ringwood borough, Passaic County, New Jersey",12600,29
0600000US3403173140,3403173140,"Totowa borough, Passaic County, New Jersey",10504,22
0600000US3403176730,3403176730,"Wanaque borough, Passaic County, New Jersey",11408,23
0600000US3403177840,3403177840,"Wayne township, Passaic County, New Jersey",53812,30
0600000US3403179460,3403179460,"West Milford township, Passaic County, New Jersey",27601,21
0600000US3403182423,3403182423,"Woodland Park borough, Passaic County, New Jersey",11487,23
0600000US3403300880,3403300880,"Alloway township, Salem County, New Jersey",3039,23
0600000US3403310610,3403310610,"Carneys Point township, Salem County, New Jersey",7924,23
0600000US3403321240,3403321240,"Elmer borough, Salem County, New Jersey",1271,128
0600000US3403321330,3403321330,"Elsinboro township, Salem County, New Jersey",1109,87
0600000US3403341640,3403341640,"Lower Alloways Creek township, Salem County, New Jersey",1948,99
0600000US3403343200,3403343200,"Mannington township, Salem County, New Jersey",1412,79
0600000US3403354810,3403354810,"Oldmans township, Salem County, New Jersey",1916,125
0600000US3403357750,3403357750,"Penns Grove borough, Salem County, New Jersey",4704,39
0600000US3403357870,3403357870,"Pennsville township, Salem County, New Jersey",13267,21
0600000US3403358530,3403358530,"Pilesgrove township, Salem County, New Jersey",4483,19
0600000US3403359130,3403359130,"Pittsgrove township, Salem County, New Jersey",9446,22
0600000US3403361470,3403361470,"Quinton township, Salem County, New Jersey",2840,21
0600000US3403365490,3403365490,"Salem city, Salem County, New Jersey",5723,32
0600000US3403375110,3403375110,"Upper Pittsgrove township, Salem County, New Jersey",3585,16
0600000US3403382720,3403382720,"Woodstown borough, Salem County, New Jersey",3315,17
0600000US3403504450,3403504450,"Bedminster township, Somerset County, New Jersey",8304,24
0600000US3403505560,3403505560,"Bernards township, Somerset County, New Jersey",26436,43
0600000US3403505590,3403505590,"Bernardsville borough, Somerset County, New Jersey",7633,35
0600000US3403506790,3403506790,"Bound Brook borough, Somerset County, New Jersey",10171,30
0600000US3403507180,3403507180,"Branchburg township, Somerset County, New Jersey",14876,31
0600000US3403507720,3403507720,"Bridgewater township, Somerset County, New Jersey",44124,29
0600000US3403522890,3403522890,"Far Hills borough, Somerset County, New Jersey",953,100
0600000US3403524900,3403524900,"Franklin township, Somerset County, New Jersey",58898,36
0600000US3403527510,3403527510,"Green Brook township, Somerset County, New Jersey",6796,22
0600000US3403531890,3403531890,"Hillsborough township, Somerset County, New Jersey",38225,35
0600000US3403543620,3403543620,"Manville borough, Somerset County, New Jersey",10581,28
0600000US3403546590,3403546590,"Millstone borough, Somerset County, New Jersey",433,63
0600000US3403547580,3403547580,"Montgomery township, Somerset County, New Jersey",22785,39
0600000US3403553280,3403553280,"North Plainfield borough, Somerset County, New Jersey",21315,35
0600000US3403557300,3403557300,"Peapack and Gladstone borough, Somerset County, New Jersey",2435,134
0600000US3403561980,3403561980,"Raritan borough, Somerset County, New Jersey",6826,37
0600000US3403564320,3403564320,"Rocky Hill borough, Somerset County, New Jersey",671,114
0600000US3403568460,3403568460,"Somerville borough, Somerset County, New Jersey",12503,27
0600000US3403568730,3403568730,"South Bound Brook borough, Somerset County, New Jersey",4785,21
0600000US3403576940,3403576940,"Warren township, Somerset County, New Jersey",15717,24
0600000US3403577600,3403577600,"Watchung borough, Somerset County, New Jersey",6245,26
0600000US3403701330,3403701330,"Andover borough, Sussex County, New Jersey",684,111
0600000US3403701360,3403701360,"Andover township, Sussex County, New Jersey",6488,22
0600000US3403707300,3403707300,"Branchville borough, Sussex County, New Jersey",981,167
0600000US3403709160,3403709160,"Byram township, Sussex County, New Jersey",8513,22
0600000US3403724810,3403724810,"Frankford township, Sussex County, New Jersey",5607,17
0600000US3403724930,3403724930,"Franklin borough, Sussex County, New Jersey",5127,22
0600000US3403725140,3403725140,"Fredon township, Sussex County, New Jersey",3324,26
0600000US3403727420,3403727420,"Green township, Sussex County, New Jersey",3537,19
0600000US3403729220,3403729220,"Hamburg borough, Sussex County, New Jersey",3488,18
0600000US3403729490,3403729490,"Hampton township, Sussex County, New Jersey",5145,27
0600000US3403729850,3403729850,"Hardyston township, Sussex County, New Jersey",8188,21
0600000US3403732910,3403732910,"Hopatcong borough, Sussex County, New Jersey",15625,24
0600000US3403737440,3403737440,"Lafayette township, Sussex County, New Jersey",2480,155
0600000US3403747430,3403747430,"Montague township, Sussex County, New Jersey",3862,18
0600000US3403751930,3403751930,"Newton town, Sussex County, New Jersey",8205,21
0600000US3403754660,3403754660,"Ogdensburg borough, Sussex County, New Jersey",2572,20
0600000US3403765700,3403765700,"Sandyston township, Sussex County, New Jersey",1933,125
0600000US3403769690,3403769690,"Sparta township, Sussex County, New Jersey",19144,53
0600000US3403770380,3403770380,"Stanhope borough, Sussex County, New Jersey",3596,15
0600000US3403770890,3403770890,"Stillwater township, Sussex County, New Jersey",4331,16
0600000US3403771670,3403771670,"Sussex borough, Sussex County, New Jersey",1913,207
0600000US3403775740,3403775740,"Vernon township, Sussex County, New Jersey",24999,21
0600000US3403776640,3403776640,"Walpack township, Sussex County, New Jersey",23,20
0600000US3403776790,3403776790,"Wantage township, Sussex County, New Jersey",11474,26
0600000US3403905320,3403905320,"Berkeley Heights township, Union County, New Jersey",13312,55
0600000US3403913150,3403913150,"Clark township, Union County, New Jersey",14349,26
0600000US3403915640,3403915640,"Cranford township, Union County, New Jersey",21941,31
0600000US3403921000,3403921000,"Elizabeth city, Union County, New Jersey",124101,69
0600000US3403922860,3403922860,"Fanwood borough, Union County, New Jersey",7081,31
0600000US3403925800,3403925800,"Garwood borough, Union County, New Jersey",4204,151
0600000US3403931980,3403931980,"Hillside township, Union County, New Jersey",21229,39
0600000US3403936690,3403936690,"Kenilworth borough, Union County, New Jersey",7617,53
0600000US3403940350,3403940350,"Linden city, Union County, New Jersey",39173,36
0600000US3403948510,3403948510,"Mountainside borough, Union County, New Jersey",6541,38
0600000US3403951810,3403951810,"New Providence borough, Union County, New Jersey",11797,21
0600000US3403959190,3403959190,"Plainfield city, Union County, New Jersey",46358,77
0600000US3403961530,3403961530,"Rahway city, Union County, New Jersey",27941,37
0600000US3403964620,3403964620,"Roselle borough, Union County, New Jersey",20666,31
0600000US3403964650,3403964650,"Roselle Park borough, Union County, New Jersey",12821,47
0600000US3403966060,3403966060,"Scotch Plains township, Union County, New Jersey",22821,54
0600000US3403970020,3403970020,"Springfield township, Union County, New Jersey",14848,36
0600000US3403971430,3403971430,"Summit city, Union County, New Jersey",20657,37
0600000US3403974480,3403974480,"Union township, Union County, New Jersey",53637,51
0600000US3403979040,3403979040,"Westfield town, Union County, New Jersey",29416,40
0600000US3403981650,3403981650,"Winfield township, Union County, New Jersey",1540,143
0600000US3404100670,3404100670,"Allamuchy township, Warren County, New Jersey",4220,16
0600000US3404101030,3404101030,"Alpha borough, Warren County, New Jersey",2576,134
0600000US3404104990,3404104990,"Belvidere town, Warren County, New Jersey",2655,21
0600000US3404106160,3404106160,"Blairstown township, Warren County, New Jersey",5920,19
0600000US3404124960,3404124960,"Franklin township, Warren County, New Jersey",3133,24
0600000US3404125320,3404125320,"Frelinghuysen township, Warren County, New Jersey",2112,154
0600000US3404128260,3404128260,"Greenwich township, Warren County, New Jersey",5134,25
0600000US3404128710,3404128710,"Hackettstown town, Warren County, New Jersey",9435,52
0600000US3404129820,3404129820,"Hardwick township, Warren County, New Jersey",1527,160
0600000US3404130090,3404130090,"Harmony township, Warren County, New Jersey",2809,16
0600000US3404133060,3404133060,"Hope township, Warren County, New Jersey",1968,187
0600000US3404133930,3404133930,"Independence township, Warren County, New Jersey",5685,26
0600000US3404137320,3404137320,"Knowlton township, Warren County, New Jersey",3128,39
0600000US3404140110,3404140110,"Liberty township, Warren County, New Jersey",2920,17
0600000US3404141490,3404141490,"Lopatcong township, Warren County, New Jersey",8307,22
0600000US3404143320,3404143320,"Mansfield township, Warren County, New Jersey",8129,30
0600000US3404155530,3404155530,"Oxford township, Warren County, New Jersey",2598,36
0600000US3404158350,3404158350,"Phillipsburg town, Warren County, New Jersey",14580,35
0600000US3404159820,3404159820,"Pohatcong township, Warren County, New Jersey",3338,26
0600000US3404177270,3404177270,"Washington borough, Warren County, New Jersey",6731,16
0600000US3404177300,3404177300,"Washington township, Warren County, New Jersey",6867,24
0600000US3404180570,3404180570,"White township, Warren County, New Jersey",5795,23
